hersteller,modell,typ,segment,land,montagearten,laenge_cm,breite_cm,eigengewicht_kg,traglast_dyn_kg,traglast_dyn_pro_traeger_kg,traglast_stat_kg,preis_eur,url,traglast_quelle,traglast_konfidenz,traglast_notiz,quelle
Thule,WingBar Evo,"Querträger Alu, Aero-Profil, T-Nut",PKW-Querträger,SE,"Klemm (Evo Clamp), offene Reling, bündige Reling, Fixpunkt",108.0,,2.6,100.0,,,122.0,https://www.thule.com/de-de/roof-rack/car-roof-racks,,,,"thule.com, atu.de, dachtraegerexperte.de"
Thule,WingBar Evo,"Querträger Alu, Aero-Profil, T-Nut",PKW-Querträger,SE,"Klemm (Evo Clamp), offene Reling, bündige Reling, Fixpunkt",118.0,,2.8,100.0,,,122.0,https://www.thule.com/de-de/roof-rack/car-roof-racks,,,,"thule.com, atu.de, dachtraegerexperte.de"
Thule,WingBar Evo,"Querträger Alu, Aero-Profil, T-Nut",PKW-Querträger,SE,"Klemm (Evo Clamp), offene Reling, bündige Reling, Fixpunkt",127.0,,3.0,100.0,,,130.0,https://www.thule.com/de-de/roof-rack/car-roof-racks,,,,"thule.com, atu.de, dachtraegerexperte.de"
Thule,WingBar Evo,"Querträger Alu, Aero-Profil, T-Nut",PKW-Querträger,SE,"Klemm (Evo Clamp), offene Reling, bündige Reling, Fixpunkt",135.0,,3.2,100.0,,,140.0,https://www.thule.com/de-de/roof-rack/car-roof-racks,,,,"thule.com, atu.de, dachtraegerexperte.de"
Thule,WingBar Evo,"Querträger Alu, Aero-Profil, T-Nut",PKW-Querträger,SE,"Klemm (Evo Clamp), offene Reling, bündige Reling, Fixpunkt",150.0,,3.5,100.0,,,150.0,https://www.thule.com/de-de/roof-rack/car-roof-racks,,,,"thule.com, atu.de, dachtraegerexperte.de"
Thule,SquareBar Evo,"Querträger Stahl, Vierkant (kunststoffummantelt)",PKW-Querträger,SE,"Klemm, offene Reling, bündige Reling, Fixpunkt",108.0,,4.0,100.0,,,60.0,https://www.thule.com/de-de/roof-rack/car-roof-racks,,,,"thule.com, traegerspezialist.de"
Thule,SquareBar Evo,"Querträger Stahl, Vierkant (kunststoffummantelt)",PKW-Querträger,SE,"Klemm, offene Reling, bündige Reling, Fixpunkt",118.0,,4.2,100.0,,,,https://www.thule.com/de-de/roof-rack/car-roof-racks,,,,"thule.com, traegerspezialist.de"
Thule,SquareBar Evo,"Querträger Stahl, Vierkant (kunststoffummantelt)",PKW-Querträger,SE,"Klemm, offene Reling, bündige Reling, Fixpunkt",127.0,,4.5,100.0,,,,https://www.thule.com/de-de/roof-rack/car-roof-racks,,,,"thule.com, traegerspezialist.de"
Thule,SquareBar Evo,"Querträger Stahl, Vierkant (kunststoffummantelt)",PKW-Querträger,SE,"Klemm, offene Reling, bündige Reling, Fixpunkt",135.0,,4.8,100.0,,,,https://www.thule.com/de-de/roof-rack/car-roof-racks,,,,"thule.com, traegerspezialist.de"
Thule,SquareBar Evo,"Querträger Stahl, Vierkant (kunststoffummantelt)",PKW-Querträger,SE,"Klemm, offene Reling, bündige Reling, Fixpunkt",150.0,,5.2,100.0,,,,https://www.thule.com/de-de/roof-rack/car-roof-racks,,,,"thule.com, traegerspezialist.de"
Thule,ProBar Evo,"Querträger Alu, Schwerlast, doppelte T-Nut (Gewerbe)",Van/Nutzfahrzeug,SE,"Klemm, Reling, Fixpunkt, Regenrinne (Fußsatz 951/953)",120.0,,5.0,100.0,,,150.0,https://www.thule.com/de-de/roof-rack/car-roof-racks,,,,"thule.com, rameder.de"
Thule,ProBar Evo,"Querträger Alu, Schwerlast, doppelte T-Nut (Gewerbe)",Van/Nutzfahrzeug,SE,"Klemm, Reling, Fixpunkt, Regenrinne (Fußsatz 951/953)",135.0,,5.5,100.0,,,,https://www.thule.com/de-de/roof-rack/car-roof-racks,,,,"thule.com, rameder.de"
Thule,ProBar Evo,"Querträger Alu, Schwerlast, doppelte T-Nut (Gewerbe)",Van/Nutzfahrzeug,SE,"Klemm, Reling, Fixpunkt, Regenrinne (Fußsatz 951/953)",150.0,,6.0,100.0,,,,https://www.thule.com/de-de/roof-rack/car-roof-racks,,,,"thule.com, rameder.de"
Thule,ProBar Evo,"Querträger Alu, Schwerlast, doppelte T-Nut (Gewerbe)",Van/Nutzfahrzeug,SE,"Klemm, Reling, Fixpunkt, Regenrinne (Fußsatz 951/953)",175.0,,6.8,100.0,,,,https://www.thule.com/de-de/roof-rack/car-roof-racks,,,,"thule.com, rameder.de"
Thule,ProBar Evo,"Querträger Alu, Schwerlast, doppelte T-Nut (Gewerbe)",Van/Nutzfahrzeug,SE,"Klemm, Reling, Fixpunkt, Regenrinne (Fußsatz 951/953)",190.0,,7.4,100.0,,,,https://www.thule.com/de-de/roof-rack/car-roof-racks,,,,"thule.com, rameder.de"
Thule,ProBar Evo,"Querträger Alu, Schwerlast, doppelte T-Nut (Gewerbe)",Van/Nutzfahrzeug,SE,"Klemm, Reling, Fixpunkt, Regenrinne (Fußsatz 951/953)",220.0,,8.4,100.0,,,,https://www.thule.com/de-de/roof-rack/car-roof-racks,,,,"thule.com, rameder.de"
Thule,WingBar Edge,"Querträger Alu, flaches Aero-Profil, dachbündig, fahrzeugspezifische Länge",PKW-Querträger,SE,"Klemm (Edge Clamp), offene/bündige Reling, Fixpunkt",77.0,,,75.0,,,330.0,https://www.thule.com/de-de/roof-rack/car-roof-racks,,,,"thule.com, autodoc.de"
Thule,WingBar Edge,"Querträger Alu, flaches Aero-Profil, dachbündig, fahrzeugspezifische Länge",PKW-Querträger,SE,"Klemm (Edge Clamp), offene/bündige Reling, Fixpunkt",86.0,,,75.0,,,,https://www.thule.com/de-de/roof-rack/car-roof-racks,,,,"thule.com, autodoc.de"
Thule,WingBar Edge,"Querträger Alu, flaches Aero-Profil, dachbündig, fahrzeugspezifische Länge",PKW-Querträger,SE,"Klemm (Edge Clamp), offene/bündige Reling, Fixpunkt",95.0,,,75.0,,,,https://www.thule.com/de-de/roof-rack/car-roof-racks,,,,"thule.com, autodoc.de"
Thule,WingBar Edge,"Querträger Alu, flaches Aero-Profil, dachbündig, fahrzeugspezifische Länge",PKW-Querträger,SE,"Klemm (Edge Clamp), offene/bündige Reling, Fixpunkt",104.0,,,75.0,,,,https://www.thule.com/de-de/roof-rack/car-roof-racks,,,,"thule.com, autodoc.de"
Thule,WingBar Edge,"Querträger Alu, flaches Aero-Profil, dachbündig, fahrzeugspezifische Länge",PKW-Querträger,SE,"Klemm (Edge Clamp), offene/bündige Reling, Fixpunkt",113.0,,,75.0,,,,https://www.thule.com/de-de/roof-rack/car-roof-racks,,,,"thule.com, autodoc.de"
Thule,Caprock Dachplattform,"Plattform mit umlaufender T-Nut, dachzelttauglich",Offroad-Plattform,SE,Auf Thule-Evo-Fußsystemen oder Caprock Crossbar-Kit,150.0,133.0,22.0,150.0,,,830.0,https://www.thule.com/de-de/roof-rack/roof-platforms,,,,thule.com
Thule,Caprock Dachplattform,"Plattform mit umlaufender T-Nut, dachzelttauglich",Offroad-Plattform,SE,Auf Thule-Evo-Fußsystemen oder Caprock Crossbar-Kit,150.0,150.0,24.0,150.0,,,830.0,https://www.thule.com/de-de/roof-rack/roof-platforms,,,,thule.com
Thule,Caprock Dachplattform,"Plattform mit umlaufender T-Nut, dachzelttauglich",Offroad-Plattform,SE,Auf Thule-Evo-Fußsystemen oder Caprock Crossbar-Kit,190.0,150.0,28.0,150.0,,,830.0,https://www.thule.com/de-de/roof-rack/roof-platforms,,,,thule.com
Thule,Caprock Dachplattform,"Plattform mit umlaufender T-Nut, dachzelttauglich",Offroad-Plattform,SE,Auf Thule-Evo-Fußsystemen oder Caprock Crossbar-Kit,150.0,165.0,26.0,150.0,,,1030.0,https://www.thule.com/de-de/roof-rack/roof-platforms,,,,thule.com
Thule,Caprock Dachplattform,"Plattform mit umlaufender T-Nut, dachzelttauglich",Offroad-Plattform,SE,Auf Thule-Evo-Fußsystemen oder Caprock Crossbar-Kit,210.0,165.0,31.0,150.0,,,1030.0,https://www.thule.com/de-de/roof-rack/roof-platforms,,,,thule.com
Thule,953 Regenrinnen-Fußsatz / Dachbügel Defender,Regenrinnenträger (Superhochfuß + Traversen),Offroad-Plattform,SE,"Klemmung in Regenrinne (Defender, Land Cruiser, G-Klasse)",150.0,,12.0,100.0,,,195.0,https://www.thule.com/de-de/roof-rack/roof-racks-and-accessories/thule-953-_-953000,,,,"thule.com, nakatanenga.de"
Atera,SIGNO ASR (Alu),"Querträger Alu, Aero-Profil, T-Nut 22 mm, abschließbar",PKW-Querträger,DE,Offene Reling,110.0,,3.5,100.0,,,180.0,https://www.atera.de/,,,,"atera.de, kfzparts24.de"
Atera,SIGNO ASR (Alu),"Querträger Alu, Aero-Profil, T-Nut 22 mm, abschließbar",PKW-Querträger,DE,Offene Reling,122.0,,3.7,100.0,,,,https://www.atera.de/,,,,"atera.de, kfzparts24.de"
Atera,SIGNO ASR (Alu),"Querträger Alu, Aero-Profil, T-Nut 22 mm, abschließbar",PKW-Querträger,DE,Offene Reling,137.0,,3.9,100.0,,,,https://www.atera.de/,,,,"atera.de, kfzparts24.de"
Atera,SIGNO ASF,"Querträger Alu, Aero-Profil, T-Nut, fahrzeugspezifische Fußkits",PKW-Querträger,DE,"Bündige Reling, Fixpunkt",110.0,,,100.0,,,250.0,https://www.atera.de/,,,,"atera.de, rameder.de"
Atera,SIGNO ASF,"Querträger Alu, Aero-Profil, T-Nut, fahrzeugspezifische Fußkits",PKW-Querträger,DE,"Bündige Reling, Fixpunkt",122.0,,,100.0,,,,https://www.atera.de/,,,,"atera.de, rameder.de"
Atera,SIGNO ASF,"Querträger Alu, Aero-Profil, T-Nut, fahrzeugspezifische Fußkits",PKW-Querträger,DE,"Bündige Reling, Fixpunkt",137.0,,,100.0,,,,https://www.atera.de/,,,,"atera.de, rameder.de"
Atera,SIGNO RTD,"Querträger Alu, Aero-Profil schwarz, fahrzeugspezifisch abgelängt, abschließbar",PKW-Querträger,DE,Offene Reling (Drehmoment-Montage),122.0,,,100.0,,,263.0,https://www.atera.de/en/products/rtd-carrier-aeroprofile-black,,,,"atera.de (UVP 428), pkwteile.de (ab 263)"
Atera,SIGNO RT Stahl,"Querträger Stahl, Vierkant, kunststoffbeschichtet",PKW-Querträger,DE,Offene Reling,122.0,,,100.0,,,120.0,https://www.atera.de/,,,,"atera.de, campingbergler.at"
Atera,SIGNO RT Stahl,"Querträger Stahl, Vierkant, kunststoffbeschichtet",PKW-Querträger,DE,Offene Reling,137.0,,,100.0,,,,https://www.atera.de/,,,,"atera.de, campingbergler.at"
Cruz,Airo T / Airo Dark T,"Querträger Alu, Aero-Profil, T-Nut (silber/schwarz)",PKW-Querträger,ES,"Klemm (Kit A), offene Reling (Kit B)",108.0,,3.6,75.0,,,110.0,https://cruz-products.com,,,,"cruz-products.com, autodoc.de"
Cruz,Airo T / Airo Dark T,"Querträger Alu, Aero-Profil, T-Nut (silber/schwarz)",PKW-Querträger,ES,"Klemm (Kit A), offene Reling (Kit B)",118.0,,4.0,75.0,,,,https://cruz-products.com,,,,"cruz-products.com, autodoc.de"
Cruz,Airo T / Airo Dark T,"Querträger Alu, Aero-Profil, T-Nut (silber/schwarz)",PKW-Querträger,ES,"Klemm (Kit A), offene Reling (Kit B)",128.0,,4.3,75.0,,,,https://cruz-products.com,,,,"cruz-products.com, autodoc.de"
Cruz,Airo T / Airo Dark T,"Querträger Alu, Aero-Profil, T-Nut (silber/schwarz)",PKW-Querträger,ES,"Klemm (Kit A), offene Reling (Kit B)",133.0,,4.5,75.0,,,,https://cruz-products.com,,,,"cruz-products.com, autodoc.de"
Cruz,Airo FIX,"Querträger Alu, Aero-Profil, T-Nut, für Werksbefestigungspunkte",PKW-Querträger,ES,"Bündige Reling (Kit C/D), Fixpunkt (Kit E)",108.0,,,75.0,,,150.0,https://cruz-products.com,,,,"cruz-products.com, autodoc.de"
Cruz,Airo FIX,"Querträger Alu, Aero-Profil, T-Nut, für Werksbefestigungspunkte",PKW-Querträger,ES,"Bündige Reling (Kit C/D), Fixpunkt (Kit E)",118.0,,,75.0,,,,https://cruz-products.com,,,,"cruz-products.com, autodoc.de"
Cruz,Airo FIX,"Querträger Alu, Aero-Profil, T-Nut, für Werksbefestigungspunkte",PKW-Querträger,ES,"Bündige Reling (Kit C/D), Fixpunkt (Kit E)",128.0,,,75.0,,,,https://cruz-products.com,,,,"cruz-products.com, autodoc.de"
Cruz,Airo FIX,"Querträger Alu, Aero-Profil, T-Nut, für Werksbefestigungspunkte",PKW-Querträger,ES,"Bündige Reling (Kit C/D), Fixpunkt (Kit E)",133.0,,,75.0,,,,https://cruz-products.com,,,,"cruz-products.com, autodoc.de"
Cruz,Oplus ST / SX / S-FIX,"Querträger Stahl, Vierkant mit ABS-Ummantelung",PKW-Querträger,ES,"Klemm (Kit A: 60 kg / Kit B: 75 kg), offene Reling (SX), bündig/Fixpunkt (S-FIX)",110.0,,4.6,75.0,,,60.0,https://cruz-products.com,,,,"cruz-products.com, autodoc.de"
Cruz,Oplus ST / SX / S-FIX,"Querträger Stahl, Vierkant mit ABS-Ummantelung",PKW-Querträger,ES,"Klemm (Kit A: 60 kg / Kit B: 75 kg), offene Reling (SX), bündig/Fixpunkt (S-FIX)",120.0,,5.0,75.0,,,,https://cruz-products.com,,,,"cruz-products.com, autodoc.de"
Cruz,Oplus ST / SX / S-FIX,"Querträger Stahl, Vierkant mit ABS-Ummantelung",PKW-Querträger,ES,"Klemm (Kit A: 60 kg / Kit B: 75 kg), offene Reling (SX), bündig/Fixpunkt (S-FIX)",125.0,,5.2,75.0,,,,https://cruz-products.com,,,,"cruz-products.com, autodoc.de"
Cruz,Oplus ST / SX / S-FIX,"Querträger Stahl, Vierkant mit ABS-Ummantelung",PKW-Querträger,ES,"Klemm (Kit A: 60 kg / Kit B: 75 kg), offene Reling (SX), bündig/Fixpunkt (S-FIX)",130.0,,5.4,75.0,,,,https://cruz-products.com,,,,"cruz-products.com, autodoc.de"
Cruz,Oplus ST / SX / S-FIX,"Querträger Stahl, Vierkant mit ABS-Ummantelung",PKW-Querträger,ES,"Klemm (Kit A: 60 kg / Kit B: 75 kg), offene Reling (SX), bündig/Fixpunkt (S-FIX)",135.0,,5.6,75.0,,,,https://cruz-products.com,,,,"cruz-products.com, autodoc.de"
Nordrive,Silenzio (Rail-Top / In-Rail / CX),"Querträger Alu, Aero-Wing-Profil, T-Nut, GS-TÜV",PKW-Querträger,IT,"Offene Reling, bündige Reling (In-Rail), Klemm (Kit)",108.0,,4.0,100.0,,,90.0,https://www.nordrive.it/,,,,"nordrive.it, amazon.de, lastentraeger.de"
Nordrive,Silenzio (Rail-Top / In-Rail / CX),"Querträger Alu, Aero-Wing-Profil, T-Nut, GS-TÜV",PKW-Querträger,IT,"Offene Reling, bündige Reling (In-Rail), Klemm (Kit)",120.0,,4.3,100.0,,,,https://www.nordrive.it/,,,,"nordrive.it, amazon.de, lastentraeger.de"
Nordrive,Silenzio (Rail-Top / In-Rail / CX),"Querträger Alu, Aero-Wing-Profil, T-Nut, GS-TÜV",PKW-Querträger,IT,"Offene Reling, bündige Reling (In-Rail), Klemm (Kit)",128.0,,4.5,100.0,,,,https://www.nordrive.it/,,,,"nordrive.it, amazon.de, lastentraeger.de"
Nordrive,Silenzio (Rail-Top / In-Rail / CX),"Querträger Alu, Aero-Wing-Profil, T-Nut, GS-TÜV",PKW-Querträger,IT,"Offene Reling, bündige Reling (In-Rail), Klemm (Kit)",135.0,,4.8,100.0,,,,https://www.nordrive.it/,,,,"nordrive.it, amazon.de, lastentraeger.de"
Nordrive,Helio / Helio Rail,"Querträger Alu, Aero-Profil",PKW-Querträger,IT,"Bündige Reling, Klemm (fahrzeugspezifisch)",110.0,,,100.0,,,130.0,https://www.nordrive.it/,,,,"nordrive.it, lastentraeger.de"
Nordrive,Helio / Helio Rail,"Querträger Alu, Aero-Profil",PKW-Querträger,IT,"Bündige Reling, Klemm (fahrzeugspezifisch)",120.0,,,100.0,,,,https://www.nordrive.it/,,,,"nordrive.it, lastentraeger.de"
Nordrive,Helio / Helio Rail,"Querträger Alu, Aero-Profil",PKW-Querträger,IT,"Bündige Reling, Klemm (fahrzeugspezifisch)",130.0,,,100.0,,,,https://www.nordrive.it/,,,,"nordrive.it, lastentraeger.de"
Nordrive,Kargo / Kargo Plus,"Schwerlast-Querträger Stahl (Kargo) / Alu (Plus), 2-4 Träger",Van/Nutzfahrzeug,IT,Fixpunkt (Transporter-Dach),126.0,,,150.0,,,150.0,https://www.nordrive.it/,,,,"nordrive.it, ebay.de"
Nordrive,Kargo / Kargo Plus,"Schwerlast-Querträger Stahl (Kargo) / Alu (Plus), 2-4 Träger",Van/Nutzfahrzeug,IT,Fixpunkt (Transporter-Dach),135.0,,,150.0,,,,https://www.nordrive.it/,,,,"nordrive.it, ebay.de"
Nordrive,Kargo / Kargo Plus,"Schwerlast-Querträger Stahl (Kargo) / Alu (Plus), 2-4 Träger",Van/Nutzfahrzeug,IT,Fixpunkt (Transporter-Dach),150.0,,,150.0,,,,https://www.nordrive.it/,,,,"nordrive.it, ebay.de"
Nordrive,Kargo / Kargo Plus,"Schwerlast-Querträger Stahl (Kargo) / Alu (Plus), 2-4 Träger",Van/Nutzfahrzeug,IT,Fixpunkt (Transporter-Dach),160.0,,,150.0,,,,https://www.nordrive.it/,,,,"nordrive.it, ebay.de"
Menabo,Tema,"Querträger Stahl (auch Alu-Variante), Vierkant mit Kunststoffummantelung",PKW-Querträger,IT,"Klemm, Fixpunkt (FIX-Kit), bündige Reling",120.0,,4.6,75.0,,,60.0,https://eu.menabocaraccessories.com/,,,,"menabo.com, kupplung.de"
Menabo,Tema,"Querträger Stahl (auch Alu-Variante), Vierkant mit Kunststoffummantelung",PKW-Querträger,IT,"Klemm, Fixpunkt (FIX-Kit), bündige Reling",130.0,,4.8,75.0,,,,https://eu.menabocaraccessories.com/,,,,"menabo.com, kupplung.de"
Menabo,Brio / Brio XL,"Querträger Alu, Aero-Profil, abschließbar",PKW-Querträger,IT,Offene Reling,120.0,,3.5,90.0,,,50.0,https://eu.menabocaraccessories.com/,,,,"amazon.de, testberichte.de"
Menabo,Brio / Brio XL,"Querträger Alu, Aero-Profil, abschließbar",PKW-Querträger,IT,Offene Reling,135.0,,3.8,90.0,,,,https://eu.menabocaraccessories.com/,,,,"amazon.de, testberichte.de"
Menabo,Delta,"Querträger Alu, Aero-Profil, T-Nut",PKW-Querträger,IT,Bündige/geschlossene Reling,120.0,,,75.0,,,90.0,https://eu.menabocaraccessories.com/,,,,"menabo.com, idealo.at"
Menabo,Delta,"Querträger Alu, Aero-Profil, T-Nut",PKW-Querträger,IT,Bündige/geschlossene Reling,135.0,,,75.0,,,,https://eu.menabocaraccessories.com/,,,,"menabo.com, idealo.at"
Green Valley,Trax / Trek,"Querträger Alu, Aero-Profil, abschließbar",PKW-Querträger,IT,"Offene Reling, bündige Reling (Kit)",110.0,,,90.0,,,90.0,https://www.greenvalley-passioncarrier.com/,,,,"auto-doc.at, amazon.de"
Green Valley,Trax / Trek,"Querträger Alu, Aero-Profil, abschließbar",PKW-Querträger,IT,"Offene Reling, bündige Reling (Kit)",120.0,,,90.0,,,,https://www.greenvalley-passioncarrier.com/,,,,"auto-doc.at, amazon.de"
Green Valley,Trax / Trek,"Querträger Alu, Aero-Profil, abschließbar",PKW-Querträger,IT,"Offene Reling, bündige Reling (Kit)",135.0,,,90.0,,,,https://www.greenvalley-passioncarrier.com/,,,,"auto-doc.at, amazon.de"
VDP,Rio 120 / L120 / Tiger,"Querträger Alu (Rio, L120) / Stahl (Tiger), abschließbar",Budget/Universal,DE,Offene Reling,120.0,,3.2,90.0,,,35.0,https://www.vdp-shop.de/,,,,"amazon.de, kaufland.de"
VDP,Rio 120 / L120 / Tiger,"Querträger Alu (Rio, L120) / Stahl (Tiger), abschließbar",Budget/Universal,DE,Offene Reling,135.0,,,90.0,,,,https://www.vdp-shop.de/,,,,"amazon.de, kaufland.de"
Mont Blanc,Xplore (Silver / Black Edition),"Querträger Alu, flaches Aero-Profil, integrierte Füße, werkzeuglos (Easy-Go)",PKW-Querträger,SE,"Klemm, offene/bündige Reling, Fixpunkt",,,,100,,,250.0,https://www.montblancgroup.com/de/series/mb-xplore,https://www.montblancgroup.com/de/produkte/xplore-ready-fit-201-dachtrager-rfx201-748201,hoch,"Herstellerseite, Spezifikationstabelle Xplore Ready Fit 201 (Art. 748201). Statische Traglast und Eigengewicht veroeffentlicht Mont Blanc nicht.","montblancgroup.com, ahk-onlineshop.eu"
Mont Blanc,AMC Traverse (Stahl/Alu),"Querträger Stahl (Vierkant) / Alu (Aero), Baukasten mit Fußkits",PKW-Querträger,SE,"Klemm, offene Reling, Fixpunkt",112.0,,,75.0,,,70.0,https://www.montblancgroup.com/de/series/amc,,,,"montblancgroup.com, shop.bbep.de"
Mont Blanc,AMC Traverse (Stahl/Alu),"Querträger Stahl (Vierkant) / Alu (Aero), Baukasten mit Fußkits",PKW-Querträger,SE,"Klemm, offene Reling, Fixpunkt",117.0,,,75.0,,,,https://www.montblancgroup.com/de/series/amc,,,,"montblancgroup.com, shop.bbep.de"
Mont Blanc,AMC Traverse (Stahl/Alu),"Querträger Stahl (Vierkant) / Alu (Aero), Baukasten mit Fußkits",PKW-Querträger,SE,"Klemm, offene Reling, Fixpunkt",124.0,,,75.0,,,,https://www.montblancgroup.com/de/series/amc,,,,"montblancgroup.com, shop.bbep.de"
Mont Blanc,AMC Traverse (Stahl/Alu),"Querträger Stahl (Vierkant) / Alu (Aero), Baukasten mit Fußkits",PKW-Querträger,SE,"Klemm, offene Reling, Fixpunkt",132.0,,,75.0,,,,https://www.montblancgroup.com/de/series/amc,,,,"montblancgroup.com, shop.bbep.de"
Yakima,ThruBar,"Querträger Alu, Aero-Profil, integrierte Füße, SmartFill-T-Nut (ex Whispbar)",PKW-Querträger,US,"Klemm (Kit), bündige Reling, Fixpunkt",110.0,,7.4,75.0,,,300.0,https://de.yakima.com/products/thrubar-pair,,,,"de.yakima.com, carparts-expert.com"
Yakima,ThruBar,"Querträger Alu, Aero-Profil, integrierte Füße, SmartFill-T-Nut (ex Whispbar)",PKW-Querträger,US,"Klemm (Kit), bündige Reling, Fixpunkt",120.0,,,75.0,,,,https://de.yakima.com/products/thrubar-pair,,,,"de.yakima.com, carparts-expert.com"
Yakima,ThruBar,"Querträger Alu, Aero-Profil, integrierte Füße, SmartFill-T-Nut (ex Whispbar)",PKW-Querträger,US,"Klemm (Kit), bündige Reling, Fixpunkt",135.0,,,75.0,,,,https://de.yakima.com/products/thrubar-pair,,,,"de.yakima.com, carparts-expert.com"
Yakima,ThruBar,"Querträger Alu, Aero-Profil, integrierte Füße, SmartFill-T-Nut (ex Whispbar)",PKW-Querträger,US,"Klemm (Kit), bündige Reling, Fixpunkt",150.0,,,75.0,,,,https://de.yakima.com/products/thrubar-pair,,,,"de.yakima.com, carparts-expert.com"
Yakima,FlushBar / RailBar,"Querträger Alu, Aero-Profil (FlushBar dachbündig, RailBar für Reling)",PKW-Querträger,US,"Bündige Reling (FlushBar), offene Reling (RailBar), Klemm (Kit)",110.0,,,75.0,,,280.0,https://eu.yakima.com/collections/roof-racks-crossbars,,,,"eu.yakima.com, campanions.de"
Yakima,FlushBar / RailBar,"Querträger Alu, Aero-Profil (FlushBar dachbündig, RailBar für Reling)",PKW-Querträger,US,"Bündige Reling (FlushBar), offene Reling (RailBar), Klemm (Kit)",120.0,,,75.0,,,,https://eu.yakima.com/collections/roof-racks-crossbars,,,,"eu.yakima.com, campanions.de"
Yakima,FlushBar / RailBar,"Querträger Alu, Aero-Profil (FlushBar dachbündig, RailBar für Reling)",PKW-Querträger,US,"Bündige Reling (FlushBar), offene Reling (RailBar), Klemm (Kit)",135.0,,,75.0,,,,https://eu.yakima.com/collections/roof-racks-crossbars,,,,"eu.yakima.com, campanions.de"
Yakima,FlushBar / RailBar,"Querträger Alu, Aero-Profil (FlushBar dachbündig, RailBar für Reling)",PKW-Querträger,US,"Bündige Reling (FlushBar), offene Reling (RailBar), Klemm (Kit)",150.0,,,75.0,,,,https://eu.yakima.com/collections/roof-racks-crossbars,,,,"eu.yakima.com, campanions.de"
Yakima,LockNLoad Platform,"Schwerlast-Plattform Alu, dachzelttauglich",Offroad-Plattform,US,"LockNLoad-Beine, Fixpunkt- oder Schienenmontage (fahrzeugspezifisch)",124.0,153.0,24.3,100,,,,https://de.yakima.com/products/locknload-platform,https://assets.yakima.com/product/instructions/9820378/1,hoch,"Groesse A = 1240x1530 mm laut Variantenliste auf de.yakima.com. Yakima: LOAD = Plattform + Montagesystem + Zubehoer + Ladung. Keine produktspezifische statische Angabe; Yakima nennt im Load-Rating-Dokument (REV E) nur die Faustregel Statik = 2,7 x dynamisch. Offroad-Abzug je nach Fussart 0-33 %. Eigengewicht 24,3 kg laut variantenspezifischer Produktangabe yakima.com.au (A - 1240x1530mm).","de.yakima.com, escape4x4.de"
Yakima,LockNLoad Platform,"Schwerlast-Plattform Alu, dachzelttauglich",Offroad-Plattform,US,"LockNLoad-Beine, Fixpunkt- oder Schienenmontage (fahrzeugspezifisch)",138.0,153.0,27.0,100,,,,https://de.yakima.com/products/locknload-platform,https://assets.yakima.com/product/instructions/9820378/1,hoch,"Groesse B = 1380x1540 mm laut Variantenliste auf de.yakima.com. Statik nicht produktspezifisch veroeffentlicht (nur Faustregel 2,7 x dynamisch im Yakima Load-Rating-Dokument REV E). Eigengewicht war bereits gefuellt.","de.yakima.com, escape4x4.de"
Yakima,LockNLoad Platform,"Schwerlast-Plattform Alu, dachzelttauglich",Offroad-Plattform,US,"LockNLoad-Beine, Fixpunkt- oder Schienenmontage (fahrzeugspezifisch)",138.0,193.0,,150,,,,https://de.yakima.com/products/locknload-platform,https://assets.yakima.com/product/instructions/9820378/1,hoch,"Groesse C = 1380x1930 mm laut Variantenliste auf de.yakima.com. Statik nicht produktspezifisch veroeffentlicht. Eigengewicht: de.yakima.com nennt nur einen pauschalen Wert (27 kg) fuer alle Groessen, keine groessenspezifische Angabe fuer C -> leer gelassen.","de.yakima.com, escape4x4.de"
Yakima,LockNLoad Platform,"Schwerlast-Plattform Alu, dachzelttauglich",Offroad-Plattform,US,"LockNLoad-Beine, Fixpunkt- oder Schienenmontage (fahrzeugspezifisch)",142.5,213.0,,150,,,,https://de.yakima.com/products/locknload-platform,https://assets.yakima.com/product/instructions/9820378/1,hoch,Groesse D = 1425x2130 mm laut Variantenliste auf de.yakima.com. Statik nicht produktspezifisch veroeffentlicht. Kein groessenspezifisches Eigengewicht fuer D veroeffentlicht.,"de.yakima.com, escape4x4.de"
Yakima,LockNLoad Platform,"Schwerlast-Plattform Alu, dachzelttauglich",Offroad-Plattform,US,"LockNLoad-Beine, Fixpunkt- oder Schienenmontage (fahrzeugspezifisch)",157.0,140.0,,100,,,,https://de.yakima.com/products/locknload-platform,https://assets.yakima.com/product/instructions/9820378/1,hoch,Groesse G = 1570x1400 mm laut Variantenliste auf de.yakima.com. Statik nicht produktspezifisch veroeffentlicht. Kein groessenspezifisches Eigengewicht fuer G veroeffentlicht.,"de.yakima.com, escape4x4.de"
Yakima,LockNLoad Platform,"Schwerlast-Plattform Alu, dachzelttauglich",Offroad-Plattform,US,"LockNLoad-Beine, Fixpunkt- oder Schienenmontage (fahrzeugspezifisch)",165.0,193.0,,150,,,,https://de.yakima.com/products/locknload-platform,https://assets.yakima.com/product/instructions/9820378/1,hoch,Groesse J = 1650x1930 mm laut Variantenliste auf de.yakima.com. Statik nicht produktspezifisch veroeffentlicht. Kein groessenspezifisches Eigengewicht fuer J veroeffentlicht.,"de.yakima.com, escape4x4.de"
Hapro,Cronos Aero,"Querträger Alu, Aero-Profil (Marke primär Dachboxen)",PKW-Querträger,NL,"Offene/bündige Reling, Klemm",,,,100,,,150.0,https://hitdachboxen.de/hapro/dachtraeger/,https://hitdachboxen.de/shop/dachtraeger/cronos-aero/dachtraeger-hapro-cronos-aero-1-aluminium/,hoch,"Offizieller Hapro-Shop (HIT), Spezifikationstabelle Cronos Aero 1 Alu, Art. 31110, mit verlinktem Handbuch-PDF. Aero 2 und 3 unterscheiden sich nur in der Fahrzeugkompatibilitaet.",hitdachboxen.de
AURILIS Group (Flex),Aurilis Original / Pro,"Querträger fahrzeugspezifisch, Alu (Original) / Stahl (Pro, NFZ); OE-Zulieferer, über ATU",Budget/Universal,FR,"Klemm, offene Reling, Fixpunkt (Pro)",,,,,,,60.0,https://www.atu.de/,,,"Bewusst leer: AURILIS betreibt keine oeffentliche Produktseite mit Datenblatt, ATU listet die Marke nicht mit Traglastangabe. Im Handel kursieren je nach Modell 75/80/100 kg - kein belegbarer einheitlicher Systemwert.","atu.de, ebay.de"
Front Runner (Dometic),Slimline II,"Plattform, T-Nut-Modulsystem (Längen 75-277 cm in ~20-cm-Schritten, Breiten 116,5-147,5 cm)",Offroad-Plattform,ZA,"Fahrzeugspezifische Kits: Grab-On (Reling), Gutter-Mount (Regenrinne), Track-/Fixpunkt",135.8,125.5,35.0,,,300.0,1055.0,https://www.dometic.com/de-de/kategorie/rack-systems,,,"Front Runner/Dometic nennt bewusst keine Traglast für die Slimline-II-Plattform, sondern verweist auf die zulässige Dachlast des Fahrzeugs. Auch die Universal-Montageanleitung RRSTUNI (F_RRSTUNI_DE.pdf) enthält keine kg-Angabe. Eigengewicht im Eingabedatensatz bereits vorhanden.","tour-tec.de, landy-scheune.de, goodcamper.de ('getestet bis 300 kg', Fahrzeug-Dachlast maßgeblich)"
Front Runner (Dometic),Slimline II,"Plattform, T-Nut-Modulsystem (Längen 75-277 cm in ~20-cm-Schritten, Breiten 116,5-147,5 cm)",Offroad-Plattform,ZA,"Fahrzeugspezifische Kits: Grab-On (Reling), Gutter-Mount (Regenrinne), Track-/Fixpunkt",156.0,125.5,,,,300.0,1219.0,https://www.dometic.com/de-de/kategorie/rack-systems,,,"Keine Herstellerangabe zur Traglast (nur Verweis auf Fahrzeug-Dachlast). Eigengewicht der reinen Plattform 1560x1255 mm wird von Front Runner/Dometic nicht veröffentlicht (Spezifikationsblock der Produktseiten wird per JS nachgeladen und blieb leer); Händler nennen abweichende Kit-'installed weights' 26-28 kg, daher nicht übernommen.","tour-tec.de, landy-scheune.de, goodcamper.de ('getestet bis 300 kg', Fahrzeug-Dachlast maßgeblich)"
Front Runner (Dometic),Slimline II,"Plattform, T-Nut-Modulsystem (Längen 75-277 cm in ~20-cm-Schritten, Breiten 116,5-147,5 cm)",Offroad-Plattform,ZA,"Fahrzeugspezifische Kits: Grab-On (Reling), Gutter-Mount (Regenrinne), Track-/Fixpunkt",156.0,157.5,,,,300.0,1658.0,https://www.dometic.com/de-de/kategorie/rack-systems,,,"Keine Herstellerangabe zur Traglast. Eigengewicht der Plattform 1560x1575 mm vom Hersteller nicht veröffentlicht; nur Kit-'installed weights' bei Händlern, daher null.","tour-tec.de, landy-scheune.de, goodcamper.de ('getestet bis 300 kg', Fahrzeug-Dachlast maßgeblich)"
Front Runner (Dometic),Slimline II,"Plattform, T-Nut-Modulsystem (Längen 75-277 cm in ~20-cm-Schritten, Breiten 116,5-147,5 cm)",Offroad-Plattform,ZA,"Fahrzeugspezifische Kits: Grab-On (Reling), Gutter-Mount (Regenrinne), Track-/Fixpunkt",257.0,157.0,,,,300.0,2474.0,https://www.dometic.com/de-de/kategorie/rack-systems,,,"Keine Herstellerangabe zur Traglast. Eigengewicht der Plattform 2570x1570 mm vom Hersteller nicht veröffentlicht; nur Kit-'installed weights' bei Händlern, daher null.","tour-tec.de, landy-scheune.de, goodcamper.de ('getestet bis 300 kg', Fahrzeug-Dachlast maßgeblich)"
Rhino-Rack,Pioneer 6 Plattform (Gen 6),"Plattform Alu (Gen 6: ~20% leichter, bis 60% weniger Luftwiderstand)",Offroad-Plattform,AU,"Auf Backbone, Vortex-/HD-Querträgern oder Fußkits; Zubehör via Zwifloc-Nutensteine",90.0,143.0,12.5,,,,747.0,https://www.rhinorack.com/de-de/products/roof/roof-trays,https://assets.rhinorack.com/Instructions/Platforms/Pioneer-6-series/520-RFI-00132%20PIONEER%20SERIES%206%20Fitting%20Instruction.pdf,hoch,"Groesse 900x1430 mm = Art. 62112. Rhino-Rack veroeffentlicht keine feste Traglast fuer die Plattform selbst: dynamisch = Fahrzeug-Dachlast minus Systemgewicht (OR = VLL - SW), statisch nur im fahrzeugspezifischen Fit Chart (dort z.B. 200 bzw. 300 kg). Daher null.","mehari-offroad.de, taubenreuther.de, tour-tec.de"
Rhino-Rack,Pioneer 6 Plattform (Gen 6),"Plattform Alu (Gen 6: ~20% leichter, bis 60% weniger Luftwiderstand)",Offroad-Plattform,AU,"Auf Backbone, Vortex-/HD-Querträgern oder Fußkits; Zubehör via Zwifloc-Nutensteine",130.0,124.0,14.8,,,,895.0,https://www.rhinorack.com/de-de/products/roof/roof-trays,https://assets.rhinorack.com/Instructions/Platforms/Pioneer-6-series/520-RFI-00132%20PIONEER%20SERIES%206%20Fitting%20Instruction.pdf,hoch,"Groesse 1300x1240 mm = Art. 62109. Traglast nur fahrzeugspezifisch veroeffentlicht (Fit Chart / Load Rating Calculator), daher null.","mehari-offroad.de, taubenreuther.de, tour-tec.de"
Rhino-Rack,Pioneer 6 Plattform (Gen 6),"Plattform Alu (Gen 6: ~20% leichter, bis 60% weniger Luftwiderstand)",Offroad-Plattform,AU,"Auf Backbone, Vortex-/HD-Querträgern oder Fußkits; Zubehör via Zwifloc-Nutensteine",130.0,138.0,16.9,,,,899.0,https://www.rhinorack.com/de-de/products/roof/roof-trays,https://assets.rhinorack.com/Instructions/Platforms/Pioneer-6-series/520-RFI-00132%20PIONEER%20SERIES%206%20Fitting%20Instruction.pdf,hoch,"Groesse 1300x1380 mm = Art. 62110. Traglast nur fahrzeugspezifisch veroeffentlicht, daher null.","mehari-offroad.de, taubenreuther.de, tour-tec.de"
Rhino-Rack,Pioneer 6 Plattform (Gen 6),"Plattform Alu (Gen 6: ~20% leichter, bis 60% weniger Luftwiderstand)",Offroad-Plattform,AU,"Auf Backbone, Vortex-/HD-Querträgern oder Fußkits; Zubehör via Zwifloc-Nutensteine",130.0,143.0,17.1,,,,949.0,https://www.rhinorack.com/de-de/products/roof/roof-trays,https://assets.rhinorack.com/Instructions/Platforms/Pioneer-6-series/520-RFI-00132%20PIONEER%20SERIES%206%20Fitting%20Instruction.pdf,hoch,"Groesse 1300x1430 mm = Art. 62111. Traglast nur fahrzeugspezifisch veroeffentlicht, daher null.","mehari-offroad.de, taubenreuther.de, tour-tec.de"
Rhino-Rack,Pioneer 6 Plattform (Gen 6),"Plattform Alu (Gen 6: ~20% leichter, bis 60% weniger Luftwiderstand)",Offroad-Plattform,AU,"Auf Backbone, Vortex-/HD-Querträgern oder Fußkits; Zubehör via Zwifloc-Nutensteine",150.0,124.0,16.2,,,,915.0,https://www.rhinorack.com/de-de/products/roof/roof-trays,https://assets.rhinorack.com/Instructions/Platforms/Pioneer-6-series/520-RFI-00132%20PIONEER%20SERIES%206%20Fitting%20Instruction.pdf,hoch,"Groesse 1500x1240 mm = Art. 62100. Traglast nur fahrzeugspezifisch veroeffentlicht, daher null.","mehari-offroad.de, taubenreuther.de, tour-tec.de"
Rhino-Rack,Pioneer 6 Plattform (Gen 6),"Plattform Alu (Gen 6: ~20% leichter, bis 60% weniger Luftwiderstand)",Offroad-Plattform,AU,"Auf Backbone, Vortex-/HD-Querträgern oder Fußkits; Zubehör via Zwifloc-Nutensteine",150.0,138.0,18.6,,,,999.0,https://www.rhinorack.com/de-de/products/roof/roof-trays,https://assets.rhinorack.com/Instructions/Platforms/Pioneer-6-series/520-RFI-00132%20PIONEER%20SERIES%206%20Fitting%20Instruction.pdf,hoch,"Groesse 1500x1380 mm = Art. 62101. Traglast nur fahrzeugspezifisch veroeffentlicht, daher null.","mehari-offroad.de, taubenreuther.de, tour-tec.de"
Rhino-Rack,Pioneer 6 Plattform (Gen 6),"Plattform Alu (Gen 6: ~20% leichter, bis 60% weniger Luftwiderstand)",Offroad-Plattform,AU,"Auf Backbone, Vortex-/HD-Querträgern oder Fußkits; Zubehör via Zwifloc-Nutensteine",150.0,143.0,18.8,,,,1085.0,https://www.rhinorack.com/de-de/products/roof/roof-trays,https://assets.rhinorack.com/Instructions/Platforms/Pioneer-6-series/520-RFI-00132%20PIONEER%20SERIES%206%20Fitting%20Instruction.pdf,hoch,"Groesse 1500x1430 mm = Art. 62113. Traglast nur fahrzeugspezifisch veroeffentlicht, daher null.","mehari-offroad.de, taubenreuther.de, tour-tec.de"
Rhino-Rack,Pioneer 6 Plattform (Gen 6),"Plattform Alu (Gen 6: ~20% leichter, bis 60% weniger Luftwiderstand)",Offroad-Plattform,AU,"Auf Backbone, Vortex-/HD-Querträgern oder Fußkits; Zubehör via Zwifloc-Nutensteine",180.0,143.0,23.9,,,,1229.0,https://www.rhinorack.com/de-de/products/roof/roof-trays,https://assets.rhinorack.com/Instructions/Platforms/Pioneer-6-series/520-RFI-00132%20PIONEER%20SERIES%206%20Fitting%20Instruction.pdf,hoch,"Groesse 1800x1430 mm = Art. 62108. Traglast nur fahrzeugspezifisch veroeffentlicht, daher null.","mehari-offroad.de, taubenreuther.de, tour-tec.de"
Rhino-Rack,Pioneer 6 Plattform (Gen 6),"Plattform Alu (Gen 6: ~20% leichter, bis 60% weniger Luftwiderstand)",Offroad-Plattform,AU,"Auf Backbone, Vortex-/HD-Querträgern oder Fußkits; Zubehör via Zwifloc-Nutensteine",190.0,124.0,21.4,,,,1049.0,https://www.rhinorack.com/de-de/products/roof/roof-trays,https://assets.rhinorack.com/Instructions/Platforms/Pioneer-6-series/520-RFI-00132%20PIONEER%20SERIES%206%20Fitting%20Instruction.pdf,hoch,"Groesse 1900x1240 mm = Art. 62102. Traglast nur fahrzeugspezifisch veroeffentlicht, daher null.","mehari-offroad.de, taubenreuther.de, tour-tec.de"
Rhino-Rack,Pioneer 6 Plattform (Gen 6),"Plattform Alu (Gen 6: ~20% leichter, bis 60% weniger Luftwiderstand)",Offroad-Plattform,AU,"Auf Backbone, Vortex-/HD-Querträgern oder Fußkits; Zubehör via Zwifloc-Nutensteine",190.0,138.0,24.5,,,,1115.0,https://www.rhinorack.com/de-de/products/roof/roof-trays,https://assets.rhinorack.com/Instructions/Platforms/Pioneer-6-series/520-RFI-00132%20PIONEER%20SERIES%206%20Fitting%20Instruction.pdf,hoch,"Groesse 1900x1380 mm = Art. 62103. Traglast nur fahrzeugspezifisch veroeffentlicht, daher null.","mehari-offroad.de, taubenreuther.de, tour-tec.de"
Rhino-Rack,Pioneer 6 Plattform (Gen 6),"Plattform Alu (Gen 6: ~20% leichter, bis 60% weniger Luftwiderstand)",Offroad-Plattform,AU,"Auf Backbone, Vortex-/HD-Querträgern oder Fußkits; Zubehör via Zwifloc-Nutensteine",210.0,124.0,22.8,,,,1135.0,https://www.rhinorack.com/de-de/products/roof/roof-trays,https://assets.rhinorack.com/Instructions/Platforms/Pioneer-6-series/520-RFI-00132%20PIONEER%20SERIES%206%20Fitting%20Instruction.pdf,hoch,"Groesse 2100x1240 mm = Art. 62107. Traglast nur fahrzeugspezifisch veroeffentlicht, daher null.","mehari-offroad.de, taubenreuther.de, tour-tec.de"
Rhino-Rack,Pioneer 6 Plattform (Gen 6),"Plattform Alu (Gen 6: ~20% leichter, bis 60% weniger Luftwiderstand)",Offroad-Plattform,AU,"Auf Backbone, Vortex-/HD-Querträgern oder Fußkits; Zubehör via Zwifloc-Nutensteine",210.0,143.0,26.5,,,,1227.0,https://www.rhinorack.com/de-de/products/roof/roof-trays,https://assets.rhinorack.com/Instructions/Platforms/Pioneer-6-series/520-RFI-00132%20PIONEER%20SERIES%206%20Fitting%20Instruction.pdf,hoch,"Groesse 2100x1430 mm = Art. 62104. Traglast nur fahrzeugspezifisch veroeffentlicht, daher null.","mehari-offroad.de, taubenreuther.de, tour-tec.de"
Rhino-Rack,Pioneer 6 Plattform (Gen 6),"Plattform Alu (Gen 6: ~20% leichter, bis 60% weniger Luftwiderstand)",Offroad-Plattform,AU,"Auf Backbone, Vortex-/HD-Querträgern oder Fußkits; Zubehör via Zwifloc-Nutensteine",250.0,158.0,32.5,,,,1565.0,https://www.rhinorack.com/de-de/products/roof/roof-trays,https://assets.rhinorack.com/Instructions/Platforms/Pioneer-6-series/520-RFI-00132%20PIONEER%20SERIES%206%20Fitting%20Instruction.pdf,hoch,"Groesse 2500x1580 mm = Art. 62106 (nur als Flatpack 62106F). Traglast nur fahrzeugspezifisch veroeffentlicht, daher null.","mehari-offroad.de, taubenreuther.de, tour-tec.de"
Rhino-Rack,Pioneer 6 Plattform (Gen 6),"Plattform Alu (Gen 6: ~20% leichter, bis 60% weniger Luftwiderstand)",Offroad-Plattform,AU,"Auf Backbone, Vortex-/HD-Querträgern oder Fußkits; Zubehör via Zwifloc-Nutensteine",270.0,147.2,34.4,,,,1679.0,https://www.rhinorack.com/de-de/products/roof/roof-trays,https://assets.rhinorack.com/Instructions/Platforms/Pioneer-6-series/520-RFI-00132%20PIONEER%20SERIES%206%20Fitting%20Instruction.pdf,hoch,"Groesse 2700x1472 mm = Art. 62105. Traglast nur fahrzeugspezifisch veroeffentlicht, daher null.","mehari-offroad.de, taubenreuther.de, tour-tec.de"
Rhino-Rack,Pioneer NG Plattform,"Plattform Alu, Seitenreling optional",Offroad-Plattform,AU,Auf Backbone oder Querträgern,132.8,137.6,21.0,,,,878.0,https://www.rhinorack.com/de-de/products/roof/roof-trays,https://www.rhinorack.com/en-au/products/roof-racks/roof-trays/pioneer-platforms/pioneer-5-platform-1328mm-x-1376mm-_52110,hoch,Groesse 1328x1376 mm = Art. 52110 (Pioneer NG / Pioneer 5). Reiter 'Load Rating' der Produktseite nennt keine Zahl; Traglast nur fahrzeugspezifisch. Daher null.,"mehari-offroad.de, world-of-nanook.com"
Rhino-Rack,Pioneer NG Plattform,"Plattform Alu, Seitenreling optional",Offroad-Plattform,AU,Auf Backbone oder Querträgern,132.8,142.6,21.1,,,,930.0,https://www.rhinorack.com/de-de/products/roof/roof-trays,https://www.rhinorack.com/en-au/products/roof-racks/roof-trays/pioneer-platforms/pioneer-5-platform-1328mm-x-1426mm-_52111,hoch,Groesse 1328x1426 mm = Art. 52111 (Pioneer NG / Pioneer 5). Reiter 'Load Rating' der Produktseite nennt keine Zahl; Traglast nur fahrzeugspezifisch. Daher null.,"mehari-offroad.de, world-of-nanook.com"
Rhino-Rack,Pioneer NG Plattform,"Plattform Alu, Seitenreling optional",Offroad-Plattform,AU,Auf Backbone oder Querträgern,152.8,137.6,21.7,,,,967.0,https://www.rhinorack.com/de-de/products/roof/roof-trays,https://www.rhinorack.com/en-au/products/roof-racks/roof-trays/pioneer-platforms/pioneer-platform-1528mm-x-1376mm-_52101,hoch,Groesse 1528x1376 mm = Art. 52101 (Pioneer NG / Pioneer 5). Reiter 'Load Rating' der Produktseite nennt keine Zahl; Traglast nur fahrzeugspezifisch. Daher null.,"mehari-offroad.de, world-of-nanook.com"
Rhino-Rack,Pioneer NG Plattform,"Plattform Alu, Seitenreling optional",Offroad-Plattform,AU,Auf Backbone oder Querträgern,182.8,142.6,32.0,,,,1099.0,https://www.rhinorack.com/de-de/products/roof/roof-trays,https://www.rhinorack.com/en-au/products/roof-racks/roof-trays/pioneer-platforms/pioneer-platform-1828mm-x-1426mm-_52108,hoch,Groesse 1828x1426 mm = Art. 52108 (Pioneer NG / Pioneer 5). Reiter 'Load Rating' der Produktseite nennt keine Zahl; Traglast nur fahrzeugspezifisch. Daher null.,"mehari-offroad.de, world-of-nanook.com"
Rhino-Rack,Vortex / Heavy Duty Querträger + Backbone,"Querträger (Vortex: Aero-Alu, HD: verstärkt) + Backbone-Basissystem",Offroad-Plattform,AU,"Fahrzeugspezifische Fußkits (RL/RLT/RCH), Backbone erhöht zulässige Dachlast durch Lastabtrag",,,,,,,,https://www.rhinorack.com/de-de/products/roof/cross-bar-roof-racks,,,Sammel-Datensatz ohne Artikelnummer und ohne Masse (Vortex- bzw. Heavy-Duty-Querträger plus Backbone). Rhino-Rack nennt Traglast und Systemgewicht nur je konkretem Kit und Fahrzeug im Fit Chart (Beispiel 2500 RS Vortex Zweitraeger-System: 75 kg); eine Uebertragung auf diesen generischen Eintrag waere eine Ableitung. Daher alle Werte null.,"taubenreuther.de, 4x4kiefer.de, ktec-shop.de"
ARB,BASE Rack,"Plattform, geschweißtes Alu-Strangpressprofil, flach ohne Unterverstrebung",Offroad-Plattform,AU,Fahrzeugspezifische Fußkits + Windabweiser; Generalimporteur Taubenreuther,125.5,115.5,12.7,125,,,565.0,https://www.arb.com.au/base-rack/,https://arbeurope.com/roof-racks/arb-base-rack/sizes-guard-rail-systems/,hoch,"ARB veroeffentlicht nur eine 'carrying capacity' des Racks, keine getrennte statische Angabe. Zusaetzlich max. 25 kg je Beam (ARB Assist). Netto-Nutzlast = Kapazitaet minus Rackgewicht und Montagekit, begrenzt durch die Fahrzeug-Dachlast. Eigengewicht war bereits gefuellt.","matsch-und-piste.de, taubenreuther.de"
ARB,BASE Rack,"Plattform, geschweißtes Alu-Strangpressprofil, flach ohne Unterverstrebung",Offroad-Plattform,AU,Fahrzeugspezifische Fußkits + Windabweiser; Generalimporteur Taubenreuther,125.5,128.5,14.3,125,,,,https://www.arb.com.au/base-rack/,https://arbeurope.com/roof-racks/arb-base-rack/sizes-guard-rail-systems/,hoch,Keine getrennte statische Angabe veroeffentlicht; max. 25 kg je Beam. Eigengewicht war bereits gefuellt.,"matsch-und-piste.de, taubenreuther.de"
ARB,BASE Rack,"Plattform, geschweißtes Alu-Strangpressprofil, flach ohne Unterverstrebung",Offroad-Plattform,AU,Fahrzeugspezifische Fußkits + Windabweiser; Generalimporteur Taubenreuther,154.5,128.5,17.1,150,,,,https://www.arb.com.au/base-rack/,https://arbeurope.com/roof-racks/arb-base-rack/sizes-guard-rail-systems/,hoch,Keine getrennte statische Angabe veroeffentlicht; max. 25 kg je Beam. Eigengewicht war bereits gefuellt.,"matsch-und-piste.de, taubenreuther.de"
ARB,BASE Rack,"Plattform, geschweißtes Alu-Strangpressprofil, flach ohne Unterverstrebung",Offroad-Plattform,AU,Fahrzeugspezifische Fußkits + Windabweiser; Generalimporteur Taubenreuther,183.5,115.5,18.5,175,,,,https://www.arb.com.au/base-rack/,https://arbeurope.com/roof-racks/arb-base-rack/sizes-guard-rail-systems/,hoch,Keine getrennte statische Angabe veroeffentlicht; max. 25 kg je Beam. Eigengewicht war bereits gefuellt.,"matsch-und-piste.de, taubenreuther.de"
ARB,BASE Rack,"Plattform, geschweißtes Alu-Strangpressprofil, flach ohne Unterverstrebung",Offroad-Plattform,AU,Fahrzeugspezifische Fußkits + Windabweiser; Generalimporteur Taubenreuther,183.5,128.5,19.9,175,,,,https://www.arb.com.au/base-rack/,https://arbeurope.com/roof-racks/arb-base-rack/sizes-guard-rail-systems/,hoch,Keine getrennte statische Angabe veroeffentlicht; max. 25 kg je Beam. Eigengewicht war bereits gefuellt.,"matsch-und-piste.de, taubenreuther.de"
ARB,BASE Rack,"Plattform, geschweißtes Alu-Strangpressprofil, flach ohne Unterverstrebung",Offroad-Plattform,AU,Fahrzeugspezifische Fußkits + Windabweiser; Generalimporteur Taubenreuther,212.5,128.5,22.8,200,,,,https://www.arb.com.au/base-rack/,https://arbeurope.com/roof-racks/arb-base-rack/sizes-guard-rail-systems/,hoch,Keine getrennte statische Angabe veroeffentlicht; max. 25 kg je Beam. Eigengewicht war bereits gefuellt.,"matsch-und-piste.de, taubenreuther.de"
Eezi-Awn,K9 Roof Rack,"Plattform, Alu-Strangpressprofil mit umlaufender T-Nut (Längen ca. 120-280 cm)",Offroad-Plattform,ZA,"Fahrzeugspezifische Fußkits (u.a. Regenrinne, Hardtop)",180.0,140.0,,,,,1375.0,https://eezi-awn.com/de/product/eezi-awn-k9-roof-racks/,,,"Eezi-Awn veroeffentlicht auf der eigenen K9-Produktseite weder Traglast noch Eigengewicht. US-Haendler nennen 500 lbs dyn. / 1000 lbs stat., aber ausdruecklich als 'not a warrantied or guaranteed capacity' und bezogen auf einen 2,2-m-Traeger - daher nicht uebernommen.","mehari-offroad.de, moesch-offroad.ch, kenucamp.de"
Eezi-Awn,K9 Roof Rack,"Plattform, Alu-Strangpressprofil mit umlaufender T-Nut (Längen ca. 120-280 cm)",Offroad-Plattform,ZA,"Fahrzeugspezifische Fußkits (u.a. Regenrinne, Hardtop)",280.0,140.0,,,,,110.0,https://eezi-awn.com/de/product/eezi-awn-k9-roof-racks/,,,Eezi-Awn veroeffentlicht auf der eigenen K9-Produktseite weder Traglast noch Eigengewicht. Haendlerangaben (500/1000 lbs) sind ausdruecklich unverbindlich - daher nicht uebernommen.,"mehari-offroad.de, moesch-offroad.ch, kenucamp.de"
Upracks,Alu-Dachträger Plattform,"Plattform, schwarz pulverbeschichtet, geschweißt",Offroad-Plattform,IT,Plattform ohne Fußsatz; fahrzeugspezifische/Regenrinnen-Fußsätze separat,143.2,90.7,14,,,,790.0,https://www.upracks.it/,https://allrad-nord.de/produkt/upracks-dachtraeger-alu-schwarz-1432-x-907-ohne-fusssatz/,mittel,Upracks veroeffentlicht keine Traglast des Traegersystems - Herstellerseite und Katalog verweisen nur auf die max. Dachlast des Fahrzeugs. Eigengewicht aus Haendler-Produktdaten (identischer Herstellertext bei mehreren Haendlern); Herstellerseite nennt nur die Spanne 14-34 kg.,"allrad-nord.de, daktec.de, 4x4kiefer.de, mehari-offroad.de"
Upracks,Alu-Dachträger Plattform,"Plattform, schwarz pulverbeschichtet, geschweißt",Offroad-Plattform,IT,Plattform ohne Fußsatz; fahrzeugspezifische/Regenrinnen-Fußsätze separat,143.2,109.7,11,,,,835.0,https://www.upracks.it/,https://ks-tuning.de/ford/ford-ranger-2ab-ab-bj-12/ford-ranger-2ab-ab-bj-12-dachgepaecktraeger/ford-ranger-2ab-ab-bj-12-dachgepaecktraeger-upracks/upracks-dachtraeger-alu-schwarz-1432-x-1097mm-ohne-fusssatz.html,mittel,"Keine Traglastangabe des Herstellers. ACHTUNG Datenwiderspruch: 11 kg liegt unter dem kleineren Modell 1432x907 (14 kg) und unter der Hersteller-Spanne 14-34 kg; Wert steht so identisch bei zwei Haendlern (ks-tuning, allrad-nord), vermutlich Tippfehler in den Herstellerdaten - vor Verwendung pruefen.","allrad-nord.de, daktec.de, 4x4kiefer.de, mehari-offroad.de"
Upracks,Alu-Dachträger Plattform,"Plattform, schwarz pulverbeschichtet, geschweißt",Offroad-Plattform,IT,Plattform ohne Fußsatz; fahrzeugspezifische/Regenrinnen-Fußsätze separat,143.2,128.7,17,,,,900.0,https://www.upracks.it/,https://allrad-nord.de/produkt/upracks-dachtraeger-alu-schwarz-1432-x-1287mm-ohne-fusssatz-kopie/,mittel,"Upracks veroeffentlicht keine Traglast des Traegersystems, nur Verweis auf max. Dachlast des Fahrzeugs. Eigengewicht aus Haendler-Produktdaten (Herstellertext).","allrad-nord.de, daktec.de, 4x4kiefer.de, mehari-offroad.de"
Upracks,Alu-Dachträger Plattform,"Plattform, schwarz pulverbeschichtet, geschweißt",Offroad-Plattform,IT,Plattform ohne Fußsatz; fahrzeugspezifische/Regenrinnen-Fußsätze separat,178.6,109.7,18,,,,919.0,https://www.upracks.it/,https://ks-tuning.de/hyundai/hyundai-santa-fe/hyundai-santa-fe-dachgepaecktraeger/hyundai-santa-fe-dachgepaecktraeger-upracks/upracks-dachtraeger-alu-schwarz-1786-x-1097mm-ohne-fusssatz.html,mittel,"Upracks veroeffentlicht keine Traglast des Traegersystems, nur Verweis auf max. Dachlast des Fahrzeugs. Eigengewicht aus Haendler-Produktdaten (Herstellertext).","allrad-nord.de, daktec.de, 4x4kiefer.de, mehari-offroad.de"
Upracks,Alu-Dachträger Plattform,"Plattform, schwarz pulverbeschichtet, geschweißt",Offroad-Plattform,IT,Plattform ohne Fußsatz; fahrzeugspezifische/Regenrinnen-Fußsätze separat,178.6,128.7,20,,,,990.0,https://www.upracks.it/,https://www.ks-tuning.de/hummer/hummer-h3/hummer-h3-dachgepaecktraeger/hummer-h3-dachgepaecktraeger-upracks/upracks-dachtraeger-alu-schwarz-1786-x-1287mm-ohne-fusssatz.html,mittel,"Wert bei zwei unabhaengigen Haendlern identisch (ks-tuning, allrad-nord). Keine Traglastangabe des Herstellers fuer das Traegersystem.","allrad-nord.de, daktec.de, 4x4kiefer.de, mehari-offroad.de"
Upracks,Alu-Dachträger Plattform,"Plattform, schwarz pulverbeschichtet, geschweißt",Offroad-Plattform,IT,Plattform ohne Fußsatz; fahrzeugspezifische/Regenrinnen-Fußsätze separat,178.6,147.7,22,,,,1070.0,https://www.upracks.it/,https://allrad-nord.de/produkt/upracks-dachtraeger-alu-schwarz-1786-x-1477mm-ohne-fusssatz/,mittel,"Upracks veroeffentlicht keine Traglast des Traegersystems, nur Verweis auf max. Dachlast des Fahrzeugs. Eigengewicht aus Haendler-Produktdaten (Herstellertext).","allrad-nord.de, daktec.de, 4x4kiefer.de, mehari-offroad.de"
Upracks,Alu-Dachträger Plattform,"Plattform, schwarz pulverbeschichtet, geschweißt",Offroad-Plattform,IT,Plattform ohne Fußsatz; fahrzeugspezifische/Regenrinnen-Fußsätze separat,195.0,147.7,28,,,,1119.0,https://www.upracks.it/,https://allrad-nord.de/produkt/upracks-dachtraeger-alu-schwarz-1950-x-1477mm-ohne-fusssatz-kopie/,mittel,"Upracks veroeffentlicht keine Traglast des Traegersystems, nur Verweis auf max. Dachlast des Fahrzeugs. Eigengewicht aus Haendler-Produktdaten (Herstellertext).","allrad-nord.de, daktec.de, 4x4kiefer.de, mehari-offroad.de"
Upracks,Alu-Dachträger Plattform,"Plattform, schwarz pulverbeschichtet, geschweißt",Offroad-Plattform,IT,Plattform ohne Fußsatz; fahrzeugspezifische/Regenrinnen-Fußsätze separat,213.9,128.7,26,,,,1135.0,https://www.upracks.it/,https://allrad-nord.de/produkt/upracks-dachtraeger-alu-schwarz-2139-x-1287mm-ohne-fusssatz/,mittel,"Upracks veroeffentlicht keine Traglast des Traegersystems, nur Verweis auf max. Dachlast des Fahrzeugs. Eigengewicht aus Haendler-Produktdaten (Herstellertext).","allrad-nord.de, daktec.de, 4x4kiefer.de, mehari-offroad.de"
Upracks,Alu-Dachträger Plattform,"Plattform, schwarz pulverbeschichtet, geschweißt",Offroad-Plattform,IT,Plattform ohne Fußsatz; fahrzeugspezifische/Regenrinnen-Fußsätze separat,213.9,147.7,28,,,,1175.0,https://www.upracks.it/,https://allrad-nord.de/produkt/upracks-dachtraeger-alu-schwarz-2139-x-1477mm-ohne-fusssatz/,mittel,Upracks veroeffentlicht keine Traglast des Traegersystems. Eine Haendlerangabe 'dynamische Traglast 100 kg' existiert nur fuer fahrzeugspezifische Komplettsets (z. B. Land Rover Discovery) und bezieht sich auf die Fahrzeug-Dachlast - daher nicht uebernommen.,"allrad-nord.de, daktec.de, 4x4kiefer.de, mehari-offroad.de"
Upracks,Alu-Dachträger Plattform,"Plattform, schwarz pulverbeschichtet, geschweißt",Offroad-Plattform,IT,Plattform ohne Fußsatz; fahrzeugspezifische/Regenrinnen-Fußsätze separat,249.3,147.7,32,,,,1310.0,https://www.upracks.it/,https://allrad-nord.de/produkt/upracks-dachtraeger-alu-schwarz-2493-x-1477mm-ohne-fusssatz/,mittel,"Upracks veroeffentlicht keine Traglast des Traegersystems, nur Verweis auf max. Dachlast des Fahrzeugs. Eigengewicht aus Haendler-Produktdaten (Herstellertext).","allrad-nord.de, daktec.de, 4x4kiefer.de, mehari-offroad.de"
Upracks,Alu-Dachträger Plattform,"Plattform, schwarz pulverbeschichtet, geschweißt",Offroad-Plattform,IT,Plattform ohne Fußsatz; fahrzeugspezifische/Regenrinnen-Fußsätze separat,284.6,147.7,37,,,,1415.0,https://www.upracks.it/,https://ks-tuning.de/land-rover/land-rover-defender-90-110-130/land-rover-defender-90-110-130-dachgepaecktraeger/land-rover-defender-90-110-130-dachgepaecktraeger-upracks/upracks-dachtraeger-alu-schwarz-2846-x-1477mm-ohne-fusssatz.html,mittel,"Keine Traglastangabe des Herstellers. Hinweis: 37 kg liegt oberhalb der von Upracks selbst genannten Spanne 14-34 kg; Wert steht identisch bei zwei Haendlern (ks-tuning, allrad-nord).","allrad-nord.de, daktec.de, 4x4kiefer.de, mehari-offroad.de"
horntools,ExRoof Dachträger (fahrzeugspezifisch),"Plattform, flaches Alu-Profil 6063 mit umlaufender Nutenschiene, Dachzelt-Schnellverschluss",Offroad-Plattform,AT,"Fahrzeugspezifisch (~35 Modelle: Jimny, Defender 110 2020+, Grenadier, Ranger, G-Klasse, LC J25, T5/T6, Duster)",169.8,135.0,21.5,100.0,,300.0,799.0,https://www.horntools.com/en/collections/exroof,,,,"horntools.com (Beispiel Jimny GJ: 21,5 kg)"
horntools,ExRoof Plattform universal,"Plattform Alu 6063, pulverbeschichtet, umlaufende T-Nut",Offroad-Plattform,AT,T-Nut mit Nutensteinen; fahrzeugseitige Halter separat,140.0,128.0,19.0,,,,599.0,https://www.horntools.com/en/products/roof-rack-platform-exroof-universal-four-sizes,,,"horntools listet in den technischen Daten der ExRoof-Universalplattform nur Maße, Gewicht, Material - keine Traglast. Auch die Serviceanleitung HBRRF1413 (PDF) enthält keine kg-Angabe. Auf https://www.horntools.com/pages/dachtrager heißt es: 'entscheidend ist die statische Dachlast deines Fahrzeugs, nicht der Träger selbst'. Eigengewicht 19 kg im Eingabedatensatz bereits korrekt.",horntools.com
horntools,ExRoof Plattform universal,"Plattform Alu 6063, pulverbeschichtet, umlaufende T-Nut",Offroad-Plattform,AT,T-Nut mit Nutensteinen; fahrzeugseitige Halter separat,169.8,135.0,22.0,,,,699.0,https://www.horntools.com/en/products/roof-rack-platform-exroof-universal-four-sizes,,,Keine Traglastangabe des Herstellers zur ExRoof-Universalplattform (weder Produktseite noch Serviceanleitung HBRRF1714). Eigengewicht 22 kg im Eingabedatensatz bereits korrekt.,horntools.com
horntools,ExRoof Plattform universal,"Plattform Alu 6063, pulverbeschichtet, umlaufende T-Nut",Offroad-Plattform,AT,T-Nut mit Nutensteinen; fahrzeugseitige Halter separat,240.0,150.0,35.0,,,,999.0,https://www.horntools.com/en/products/roof-rack-platform-exroof-universal-four-sizes,,,Keine Traglastangabe des Herstellers zur ExRoof-Universalplattform (weder Produktseite noch Serviceanleitung HBRRF2415). Eigengewicht 35 kg im Eingabedatensatz bereits korrekt.,horntools.com
horntools,ExRoof Plattform universal,"Plattform Alu 6063, pulverbeschichtet, umlaufende T-Nut",Offroad-Plattform,AT,T-Nut mit Nutensteinen; fahrzeugseitige Halter separat,295.0,150.0,40.0,,,,1199.0,https://www.horntools.com/en/products/roof-rack-platform-exroof-universal-four-sizes,,,Keine Traglastangabe des Herstellers zur ExRoof-Universalplattform (weder Produktseite noch Serviceanleitung HBRRF3015). Eigengewicht 40 kg im Eingabedatensatz bereits korrekt.,horntools.com
Nakatanenga / CargoBear,CargoBear 2.0 Systemdachträger Defender (klassisch),"Backbone-/Modul-Plattformsystem (1-3 Module, 100,5-277,5 cm)",Offroad-Plattform,DE,Modular; 300 kg gleichmäßig verteilt im Gelände,100.5,,17.5,300.0,,,735.0,https://www.nakatanenga.de/zubehoer/dachtraeger/cargobear-systemdachtraeger/,,,,nakatanenga.de
Nakatanenga / CargoBear,CargoBear 2.0 Systemdachträger Defender (klassisch),"Backbone-/Modul-Plattformsystem (1-3 Module, 100,5-277,5 cm)",Offroad-Plattform,DE,Modular; 300 kg gleichmäßig verteilt im Gelände,277.5,,42.5,300.0,,,,https://www.nakatanenga.de/zubehoer/dachtraeger/cargobear-systemdachtraeger/,,,,nakatanenga.de
Nakatanenga / CargoBear,"CargoBear 2.0 (Jimny II, New Defender, G-Klasse)",Plattform-/Systemdachträger fahrzeugspezifisch,Offroad-Plattform,DE,Fahrzeugspezifisch,159.6,134.6,30.0,300,,,1990.0,https://www.nakatanenga.de/zubehoer/dachtraeger/cargobear-systemdachtraeger/,https://www.nakatanenga.de/cargobear-systemdachtraeger-2.0-fuer-mercedes-g/CGB2-G-1HIM,mittel,Die 300-kg-Angabe ist eine baureihenweite Aussage zum CargoBear 2.0 (steht u.a. auf der Defender- und der Mercedes-G-Produktseite); die Jimny-II-Produktseite CGB2-SUJI2-MAUWIND selbst nennt keine Zahl - daher konfidenz mittel. Statische Traglast wird nicht veröffentlicht ('auf der Straße ließe sich dieser Wert theoretisch verdoppeln' ist ausdrücklich theoretisch und wurde nicht übernommen). Nakatanenga betont: die zulässige Dachbelastung des Fahrzeugs liegt in der Regel weit darunter.,nakatanenga.de
Nakatanenga / CargoBear,"CargoBear 2.0 (Jimny II, New Defender, G-Klasse)",Plattform-/Systemdachträger fahrzeugspezifisch,Offroad-Plattform,DE,Fahrzeugspezifisch,241.0,120.0,50.0,300,,,110.0,https://www.nakatanenga.de/zubehoer/dachtraeger/cargobear-systemdachtraeger/,https://www.nakatanenga.de/cargobear-2.0-systemdachtraeger-fuer-land-rover-defender/CGB2-DEF-1HI,mittel,"Baureihenweite Angabe zum CargoBear 2.0; die Seite des New Defender 110 (CGB2-NEWDEF-SCHW-110, 2,41 m x 1,20 m, ca. 50 kg) nennt selbst keine Traglast, sondern nur: 'Für die Zuladung gilt es auf die Angaben des Fahrzeugherstellers ... zu achten' - daher konfidenz mittel. Keine statische Traglast veröffentlicht.",nakatanenga.de
Nakatanenga / CargoBear,"CargoBear 2.0 (Jimny II, New Defender, G-Klasse)",Plattform-/Systemdachträger fahrzeugspezifisch,Offroad-Plattform,DE,Fahrzeugspezifisch,,,24.0,300,,,1359.0,https://www.nakatanenga.de/zubehoer/dachtraeger/cargobear-systemdachtraeger/,https://www.nakatanenga.de/cargobear-systemdachtraeger-2.0-fuer-mercedes-g/CGB2-G-1HIM,hoch,"Datensatz entspricht CGB2-G-1HIM (Mercedes G, 24,0 kg); die 300-kg-Angabe steht direkt auf dieser Produktseite. Statische Traglast wird nicht separat veröffentlicht; der Zusatz 'auf der Straße ließe sich dieser Wert theoretisch gut und gerne verdoppeln' ist ausdrücklich theoretisch und wurde nicht als Wert übernommen.",nakatanenga.de
Nakatanenga / CargoBear,CargoBear 2.0 Ineos Grenadier / Quartermaster,Plattform-/Systemdachträger (Grenadier: 150 kg dyn./420 kg stat.; Quartermaster: 120/375 kg),Offroad-Plattform,DE,Fahrzeugspezifisch,,,63.0,150.0,,420.0,2149.0,https://www.nakatanenga.de/zubehoer/dachtraeger/cargobear-systemdachtraeger/,,,,nakatanenga.de
Nakatanenga / CargoBear,CargoBear 2.0 Ineos Grenadier / Quartermaster,Plattform-/Systemdachträger (Grenadier: 150 kg dyn./420 kg stat.; Quartermaster: 120/375 kg),Offroad-Plattform,DE,Fahrzeugspezifisch,183.0,,,150.0,,420.0,2999.0,https://www.nakatanenga.de/zubehoer/dachtraeger/cargobear-systemdachtraeger/,,,,nakatanenga.de
Rival 4x4,Alu-Dachträgerplattformen (fahrzeugspezifisch),Offroad-Plattformträger (Pickup/SUV),Offroad-Plattform,EU,"Reling, Fixpunkt oder Regenrinne je nach Fahrzeug",,,,80,,120,,https://rival4x4europe.com/de/catalog/roof-racks/,https://allrad-nord.de/produkt/rival-dachtraeger-satz-mitsubishi-l200-2015-2019-2018-2023/,hoch,"Herstellerangabe zum RIVAL Aluminium Modular Rack, woertlich uebernommen vom deutschen RIVAL-Haendler Allrad Nord; gleiche Werte auch auf rival4x4europe.com/de/catalog/roof-racks/. Gilt fuer die Traegerplattform, nicht fuer die Dachlast des Fahrzeugs. Eigengewicht ist modellabhaengig und daher nicht gesetzt.","rival4x4europe.com, allrad-nord.de, campventure.de"
MorE 4x4,"Dach-/Pickup-Plattformträger, Bed Racks","Korb-/Plattformträger Stahl, fahrzeugspezifisch",Offroad-Plattform,PL,"Regenrinne, Schienensysteme (Pickup), Fixpunkt; über escape4x4.de",,,,,,,,https://www.escape4x4.de/more-4x4/,,,"Weder MorE 4x4 noch der Haendler Escape4x4 veroeffentlichen zu den Dach-/Bed-Racks eine Traglast- oder Gewichtsangabe; die Produktseiten enthalten nur Masse, Variante und Preis.","escape4x4.de, pickup-offroad-store.de"
Alu-Cab,Querträger / Load Bars (Hardtop/Canopy),Offroad-Querträger und Racksysteme,Offroad-Plattform,ZA,"Canopy-Schienen, fahrzeugspezifische Kits",,,,,,200,,https://www.campventure.de/Alu-Cab-Quertraeger,https://www.campventure.de/Alu-Cab-Quertraeger,mittel,"Angabe des deutschen Alu-Cab-Haendlers Campventure. Eine dynamische Traglast wird nicht genannt, stattdessen Hinweis 'Bitte Ladekapazitaet vom Fahrzeug beruecksichtigen'.","campventure.de, genesis-import.de"
Qualan,"Alu-Dachträger (Defender, Grenadier, G-Klasse, Discovery)","Plattform-/Expeditionsträger, Made in Germany",Offroad-Plattform,DE,"Regenrinne, Fixpunkt",,,,,,,,https://www.qualan.de/,,,"Qualan veroeffentlicht auf den Modellseiten und im Setup-Builder keine Traglast- und keine Gewichtsangaben; die Traeger sind frei konfigurierbar (Stahl oder Aluminium, verschiedene Groessen), Werte waeren daher ohnehin konfigurationsabhaengig.",qualan.de
Reimo,Multirail VW T5/T6/T6.1,"Multifunktionsschiene (Regenrinne, Kederschiene, Markisen-/Trägerbasis)",Van/Camper,DE,"Verklebung + Verschraubung an Dachkante; Varianten KR/LR, links/rechts",,,,100.0,,,289.0,https://shop.reimo-pan.de/,,,,"reimo.com, mobyvan.de"
Reimo,VW Dachträger T4/T5/T6,Grund-/Querträger für Regenrinne bzw. Multirail,Van/Camper,DE,Klemmung in Regenrinne oder Multirail,,,,100.0,,,,https://shop.reimo-pan.de/,,,,"reimo.com, campingspirit-shop.de"
Vanstudio (Alpharack),Querträger für Aufstelldach mit C-Schiene,Alu-Querträger 30x60 mm für C-/Airline-Schiene (Einzelträger),Van/Camper,DE,"Direktmontage in C-Schiene des Aufstelldachs (T5/T6 Original/Westfalia, Reimo, SCA)",130.0,,2.5,,,,169.0,https://vanstudio.de/,,,"Hersteller nennt in den technischen Eigenschaften keine Traglast in kg, nur Profilmaß und Eigengewicht. Traglast hängt zudem vom Aufstelldach ab.",vanstudio.de
Vickywood,"Voll-Dachträger (T5/T6, Ducato L1H2, Defender 110)","Fahrzeugspezifischer Voll-Dachträger, dachzelttauglich, Airline-Profilschienen",Van/Camper,DE,Fahrzeugspezifische Direktmontage,,,,,,,1699.0,https://shop.vickywood.com/dachtraeger,,,"Vickywood nennt fuer seine Voll-Dachtraeger bewusst keine eigene Traglast, sondern verweist auf die Dachlast des Fahrzeugherstellers (im Offroad-Einsatz minus 50 %). Eigengewicht ist variantenabhaengig (T5/T6 SWB ca. 40,9 kg, Defender 110 ca. 43,0 kg) und liess sich diesem Datensatz nicht eindeutig zuordnen.",shop.vickywood.com
Vickywood,"Voll-Dachträger (T5/T6, Ducato L1H2, Defender 110)","Fahrzeugspezifischer Voll-Dachträger, dachzelttauglich, Airline-Profilschienen",Van/Camper,DE,Fahrzeugspezifische Direktmontage,,,,,,,1899.0,https://shop.vickywood.com/dachtraeger,,,"Vickywood nennt keine eigene Traegertraglast, sondern verweist auf die Fahrzeug-Dachlast (offroad minus 50 %). Eigengewicht variantenabhaengig, dem Datensatz nicht eindeutig zuzuordnen.",shop.vickywood.com
Vickywood,"Voll-Dachträger (T5/T6, Ducato L1H2, Defender 110)","Fahrzeugspezifischer Voll-Dachträger, dachzelttauglich, Airline-Profilschienen",Van/Camper,DE,Fahrzeugspezifische Direktmontage,,,,,,,110.0,https://shop.vickywood.com/dachtraeger,,,"Vickywood nennt keine eigene Traegertraglast, sondern verweist auf die Fahrzeug-Dachlast (offroad minus 50 %). Eigengewicht variantenabhaengig, dem Datensatz nicht eindeutig zuzuordnen.",shop.vickywood.com
Fiamma,Roof Rail Ducato / Maxi XL / H3,"Dachreling-/Trägersystem mit Querträgern, eloxiertes Alu",Van/Camper,IT,Original-Befestigungspunkte ohne Bohren (Ducato/Jumper/Boxer ab 2006),388.0,,13.5,150.0,,,804.0,https://www.fiamma.it/en/product/roof-rail-ducato/,,,,"fiamma.it, campingbergler.de"
Thule,WingBar Evo Fixpoint Kit VW T5/T6/T6.1,"Alu-Querträger (Paar) für Fixpunkte, T-Nut, abschließbar",Van/Camper,SE,Fixpunkt (Fixpoint Evo Fußsatz + Kit),150.0,,6.0,100.0,,,281.0,https://www.thule.com/de-de,,,,"bertelshofer.com, traegerspezialist.de"
Thule,SquareBar Evo Fixpoint Kit Fiat Ducato,Stahl-Querträger für Fixpunkte (bis 3-4 Träger pro Fahrzeug),Van/Camper,SE,Fixpunkt (Fußsatz 7107 + Kit),150.0,,,100,,,,https://www.traegerspezialist.de/,https://www.thule.com/en-gb/roof-rack/roof-racks-and-accessories/thule-evo-fixpoint-_-710700,mittel,Wert gilt für das Thule Evo Fixpoint Trägersystem (Fußsatz 710700). Fahrzeugspezifisches Ducato-Kit kann durch die Fahrzeug-Dachlast begrenzt sein. Eigengewicht des kompletten 150-cm-Sets nicht veröffentlicht.,traegerspezialist.de
Sortimo,TopSystem ProSafe,NFZ-Dachträgersystem mit Ladungssicherungs-Querträgern (2-4 Träger),Van/Nutzfahrzeug,DE,"Original-Dachbefestigungspunkte (Sprinter, Crafter, Ducato, Trafic, Vivaro)",,,,,50,,,https://www.mysortimo.de/,https://www.mysortimo.us/en_US/products/roof-rack-topsystem,hoch,"110,23 lb = 50 kg. Wert gilt pro Querträger (TopSystem ProSafe), Sets haben 2-4 Träger. Maximale Dachlast des Fahrzeugs ist zusätzlich zu beachten. Eigengewicht nicht veröffentlicht.",mysortimo.de
Rhino Products,KammBar Pro / Fleet,"Alu- (Pro) / Stahl-Querträger (Fleet) für NFZ, inkl. Lastanschläge",Van/Nutzfahrzeug,GB,"Original-Fixpunkte (Sprinter, Crafter, Transit; dachhöhenspezifische Sets)",,,,,75,,,https://www.rhinostore.de/,https://www.kurierbedarf.com/mediafiles/montageanleitungen/schwerlast-dachtraeger_rhino.pdf,hoch,"Aus dem Rhino 'KammBar Technisches Datenblatt' (Herstellerdokument). Wert gilt pro Träger. Eigengewicht ist längenabhängig (Gesamtgewicht je Träger 2,43-3,21 kg für 1100-1700 mm), daher kein Einzelwert eintragbar.","rhinostore.de, rhinoproducts.eu"
Q-Top (Q-Tech),Q-Top O19 Imperial,"Alu-Dachgepäckträger (Plattform/Korb), TÜV-geprüft, Windabweiser",Van/Nutzfahrzeug,NL,"Edelstahl-Halter auf Originalpunkten (Sprinter W907, T5/T6, Crafter, Transit, Ducato)",,,31.0,,,,931.0,https://www.carparts-expert.com/,,,Bewusst keine kg-Zahl: 'Die maximale Zuladung ist somit die maximal zulässige Dachlast Ihres Autos abzüglich des Gewichts des Dachgepäckträgers.' Also rein fahrzeugabhängig.,"carparts-expert.com, q-tech.eu"
Köhler Dachträger-Systeme,Alu-Dachträger Transporter/Kastenwagen,"NFZ-Lastenträger, Made in Germany",Van/Nutzfahrzeug,DE,"Fixpunkt, Regenrinne",,,35.0,,,400,,https://alu-dachtraeger.de/,https://alu-dachtraeger.de/FAQ/,hoch,"Eigengewicht aus https://alu-dachtraeger.de/unsere-dachtraeger/: 'so wiegt ein Standardträger nicht mehr als 35 Kg' - Obergrenze, kein exakter Wert. Dynamische Traglast wird vom Hersteller nicht veröffentlicht.",alu-dachtraeger.de
Malco,"Kfz-Dachträger-Systeme (Alu, NFZ)",NFZ-Lastenträger,Van/Nutzfahrzeug,DE,"Fixpunkt, Regenrinne",,,,,30,,,https://malco.de/aluminium-dachtraeger/,https://malco.de/aluminium-dachtraeger/,hoch,Wert gilt pro Querprofil des Alu-Dachträgers; Anzahl der Querprofile ist fahrzeug-/längenabhängig. Eigengewicht des Gesamtträgers nicht veröffentlicht.,malco.de
Aluca,Dachträger Servicemobile/Transporter,NFZ-Lastenträger (Zubehör Fahrzeugeinrichtung),Van/Nutzfahrzeug,DE,Fixpunkt,,,,150,,,,https://www.aluca-world.com/,https://www.aluca-resch.at/produkt/dachtraeger-alurack-47/,mittel,"ALUCA-Herstellerseite (aluca-world.com) nennt keine kg-Zahl. Wert stammt aus dem offiziellen ALUCA-Onlineshop (Partner Christoph Resch) und steht dort identisch bei mehreren aluRack-Varianten, ist also Produktlinien-Angabe. Eigengewicht dort nur als Spanne 'max. 20 - 30 kg'.",aluca-world.com
ND-Rack,Camper-Van-Dachträger (modular),Van-/Camper-Plattformträger,Van/Camper,DE,"Fixpunkt, Airline-Schienen",,,,,,,,https://nd-rack.de/,,,"ND-Rack veröffentlicht Traglast nur je Fahrzeug/Plattformlänge, nicht für das modulare System allgemein ('Die zulässige Tragkraft unserer verschiedenen Camper-Dachträger findest du jeweils in der Artikelbeschreibung'). Spanne dynamisch 100-250 kg, statisch 400-500 kg, Eigengewicht z.B. ca. 38 kg beim Sprinter G1. Kein für den Datensatz gültiger Einzelwert.",nd-rack.de
Prime Tech,Querträger für Dachzelt Nevada/Delta,Querträger-Paar als Dachzelt-Montagebasis,Dachzelt-Zubehör,DE,Auf vorhandenem Grundträger/Reling; Verschraubung mit Zelt-Bodenschienen,,,,50,,,,https://primetech-dachzelte.de/,https://primetech-dachzelte.de/zubehoer/dachzelt-zubehoer/13499/quertraeger-fuer-autodachzelt-nevada/delta,mittel,"Wert aus den technischen Daten des Prime-Tech-Herstellershops (Zusatzlast auf dem geschlossenen Dachzelt waehrend der Fahrt). Die Seite liess sich nur ueber den Suchindex auslesen, nicht direkt abrufen - daher Konfidenz mittel. Eine statische Traglast wird nicht angegeben.",primetech-dachzelte.de
Campwerk / Black Sheep,Black Sheep Dachträger Quer,Leichter Alu-Querträger-Satz für Dachzelte/Dachboxen,Dachzelt-Zubehör,DE,"Quer-/RTT-Befestigungsadapter (4 Stück), Alu/Edelstahl",160.5,63.5,11.0,,,,1145.0,https://www.campwerk.de/shop/black-sheep-dachtraeger-quer-dachzelt,,,"Campwerk/Black Sheep nennt zum Dachtraeger Quer nur Gewicht, Abmessungen und Material - keine Traglastangabe. Eigengewicht war bereits im Eingabedatensatz vorhanden und wurde bestaetigt.",campwerk.de
Gordigear,Querträger für Alu-Hartschalenzelte,Aufsatz-Querträger auf Dachzelt-Hartschale,Dachzelt-Zubehör,AU/DE,Verschraubung in Profilschienen der Hartschale,,,,100,,,,https://dachzeltnomaden.com/,https://www.gordigear.com/en/products/mahi-mahi-dachtrager-1,mittel,Herstellerangabe Gordigear fuer den Aufsatz-Dachtraeger auf dem geschlossenen Alu-Hartschalenzelt (Beispielseite Mahi Mahi). Der Datensatz nennt kein konkretes Zeltmodell; Gordigear gibt fuer seine Hartschalenzelt-Quertraeger durchgaengig 100 kg an. Statische Traglast wird nicht veroeffentlicht.,dachzeltnomaden.com
Aguri,Runner II / Prestige II,"Querträger Alu, TÜV-geprüft",Budget/Universal,PL,"Bündige/offene Reling, Klemm",,,,70,,,70.0,https://adamot.de/,https://aguri.pl/produkty/runner/,hoch,Herstellerseite Aguri (PL). Prestige II nennt auf https://aguri.pl/produkty/prestige-ii/ denselben Wert 70 kg; einzelne fahrzeugspezifische PS-Saetze sind dort auf 50 kg begrenzt.,"amazon.de, adamot.de"
Amos,Dromader / Beta / Alfa,"Querträger Stahl/Alu (Aero-, O-, T-Profil)",Budget/Universal,PL,"Reling, Klemm, Fixpunkt",,,,75,,,,https://amos.auto.pl/en/,https://amos.auto.pl/en/roof-racks/139-d-113-6,hoch,"Herstellerseite Amos, Datenblatt Serie Dromader (D-1, Stahl-O-Profil). Serie Alfa nennt denselben Wert 75 kg (amos.auto.pl/en/roof-racks/28455-alfa12-28375). TUEV GS.","ebay.de, de.carmager.com"
Taurus,CarryUp / Stahl-/Alu-Querträger,Querträger,Budget/Universal,PL,"Reling, Klemm",,,,75,,,,https://www.taurus.info.pl/,https://amt-kostecki.pl/taurus-carryup-belki-aero,mittel,"Taurus-Fachhaendler mit Produktdatenblatt. Die Herstellerseite taurus.info.pl ist nicht maschinenlesbar abrufbar, nennt laut Suchindex ebenfalls 75 kg.","ebay.de, unitrailer.de"
Inter Pack,Trophy / Hunter,Querträger und Sport-Dachträger,Budget/Universal,PL,"Reling, Klemm, Fixpunkt; eigener DE-Shop",,,,,,,,https://interpack24.de/,,,"Bewusst leer: Die Modelle Trophy und Hunter sind im aktuellen Inter-Pack-Sortiment (interpack24.de / interpack.eu) nicht mehr gelistet, keine Herstellerangabe zur Traglast auffindbar. Werte anderer Inter-Pack-Serien (z. B. Virgo) wurden nicht uebertragen.",interpack24.de
Twinny Load,Stahl S02/S18 Semi-Passform,Querträger Stahl,Budget/Universal,NL,"Klemm (Normaldach), Reling",,,7.0,,,,,https://www.twinnyload.com/de/,https://www.twinnyload.com/de/produkt/dachtraegersatz-twinny-load-stahl-s02-semi-passform-fuer-fahrzeuge-ohne-dachreling/,hoch,"Twinny Load nennt auf den Produktseiten S02/S18 keine Traglast, nur DIN 75302 / ISO 11154 und TUEV-GS. Traglast daher bewusst leer. Eigengewicht Satz S02 = 7,0 kg, S18 = 6,8 kg.","twinnyload.com, autodoc.de"
G3,Clop airflow / infinity / Pacific,Querträger Alu/Stahl,Budget/Universal,IT,"Offene/bündige Reling, Klemm",110.0,,,75.0,,,94.0,https://www.rameder.de/,,,,rameder.de/ch (Clop airflow 110 ca. 94)
Fabbri,Barro (2er-4er Sets),"Querträger Stahl/Alu, v.a. NFZ-/Fixpunktträger",Van/Nutzfahrzeug,IT,"Fixpunkt, Klemm",,,,,50,,195.0,https://www.traegerspezialist.de/,https://www.fabbri.info/en/collezioni/barro-steel-acciaio/,hoch,"Herstellertabelle: max. 50 kg pro Träger (gilt für Barro 135/150/160/180). Set-Gesamtlast entsprechend 100 kg (2er) / 150 kg (3er) / 200 kg (4er). Eigengewicht längenabhängig 1,6-2,2 kg pro Stahlträger, daher kein Einzelwert.",traegerspezialist.de (4er-Set Crafter 195)
Modula,Smart Bar (MOCSOB0AL001/002),Querträger Alu,Budget/Universal,IT,Offene/bündige Reling,,,,75,,,87.0,https://www.autodoc.de/autozubehoer/dachgepacktrager/modula,https://www.autodoc.de/modula/14431795,mittel,"Herstellerdatensatz (TecDoc) zu MODULA Smart Bar MOCSOB0AL001, Alu, 78-119 cm. Modula hat dazu keine eigene oeffentliche Datenblattseite. Die Angabe 'Gewicht 2,4 kg' ist nicht eindeutig auf das Traegerpaar bezogen, deshalb Eigengewicht leer.",autodoc.de (ca. 87)
La Prealpina,LP43 / LP47 / LP49 / Top-Serie,Querträger Stahl/Alu,Budget/Universal,IT,"Klemm, Reling, Fixpunkt",,,,75,,,,https://autozubehoer-klemm.de/,https://www.laprealpina.net/en/roof-bars-and-racks/1720-multi-purpose-roof-rack-lp47.html,hoch,"Herstellerseite La Prealpina, Modell LP47 (Stahlprofil, TUEV GS). Der Wert gilt fuer LP47; fuer LP43/LP49/Top-Serie nennt der Hersteller eigene Werte, die hier nicht uebertragen wurden. Fussnote des Herstellers: Traglast zusaetzlich durch Fahrzeugdach und Kit begrenzt.","amazon.de, autozubehoer-klemm.de"
Hakr,Grundträger-Systeme,Grund-/Querträger und Aufsatzträger,Budget/Universal,CZ,"Klemm, Reling; DACH v.a. über Decathlon/Fachhandel",,,4.7,100,,,,https://www.provleky.cz/de,https://www.hakrbrno.cz/stresni-nosic-mazda-6-2012-s-podelniky-wing-profile-2,hoch,"Herstellerseite HAKR Brno (CZ), aktuelles Wing-Profile-Alusystem HV0345/HV0003, City Crash Test + DEKRA, max. 130 km/h. Eigengewicht 4,7 kg = kompletter Satz. Aeltere HAKR-Alu-/Stahlstangen werden vom Handel teils mit 75 kg gefuehrt.","decathlon.de, dachtraegerexperte.de"
Neumann,Alu-Profi / Stahl-Dachträger,Quer- und Relingträger,Budget/Universal,CZ,"Klemm, Reling, Fixpunkt; Vertrieb v.a. AT/CH",,,,100,,,,https://www.neumanncz.cz/de/dachtrager,https://www.neumanncz.cz/tyce-flexbar-systemu-neumann-ta2115-1150-mm-alu-p273094/,hoch,"Herstellershop NEUMANN (CZ), Alu-System Flexbar (Stangen TA2115 + Fuesse FP12000). Aeltere Neumann-NAA-Alutraeger sind mit 75 kg zugelassen; der Shop-Filter fuehrt Klassen 50/75/100 kg.","neumanncz.cz, dachbox.ch"
Turtle,AIR 1 / AIR 2 / AIR 3,"Querträger Alu, flaches Wing-Profil",Budget/Universal,TR,"Bündige/offene Reling, Fixpunkt je nach Modell",,,,75,,250,,https://www.amazon.de/,https://www.turtlecancarry.com/roof-rack-air1/,hoch,"Herstellerseite Turtle (Can Automotive, TR), Spezifikationstabelle Air1. TUEV Rheinland und City Crash bestaetigen 75 kg dynamisch. AIR2/AIR3 unterscheiden sich im Dachtyp.",amazon.de
OMAC,Fahrzeugspezifische Alu-Relingträger,Querträger Alu und Dachrelingen,Budget/Universal,TR/DE,Bündige/offene Reling; teils ABE/TÜV,,,,75.0,,,,https://omacshop.de/collections/dachtrager,,,,"omacshop.de, amazon.de"
Kamei,Dachträgersysteme / Tragstäbe,Querträger (neben Dachboxen-Kernsortiment),PKW-Querträger,DE,"Reling, Fixpunkt, Klemm",,,,100,,,139.0,https://www.kamei.de/produkte/dachtraegersysteme,https://www.kamei.de/produkte/dachtraegersysteme,hoch,"Herstellerseite Kamei, Alu-Traegersystem aus zwei Tragstaeben und vier Trägerfuessen. Kein statischer Wert, kein Eigengewicht veroeffentlicht.","kamei.de, dachboxen-billiger.de (Tragstäbe 139)"
Bosal,Dachträger/Relingträger,Querträger Stahl/Alu,Budget/Universal,BE/NL,"Reling, Klemm",,,,,,,,https://www.rameder.de/,,,"Bewusst leer: Bosal veroeffentlicht zu den Dach-/Relingtraegern keine Traglast; der TecDoc-Datensatz (Bsp. 603-104 Stahl) enthaelt nur Material und Gewicht (3360 g), keine maximale Last. Im Handel kursierende 80/100 kg sind nicht herstellerbelegt.",rameder.de
Owen,Dachträger 3.0 / 3.0 Pro,Querträger Alu universal,Budget/Universal,,Reling,,,,90.0,,,84.0,https://www.vergleich.org/dachtraeger/,,,,vergleich.org 2026
DGH System,Easy Line Advanced,Querträger universal,Budget/Universal,PL,Reling,,,,90.0,,,92.0,https://www.vergleich.org/dachtraeger/,,,,vergleich.org 2026
Summit,SUM-002,Querträger Stahl/Alu,Budget/Universal,GB,Offene Reling,,,,75.0,,,56.0,https://www.vergleich.org/dachtraeger/,,,,"vergleich.org, amazon.de"
Amazon Basics,DS-RB-004-1,Universal-Querträger,Budget/Universal,US,Offene Reling,,,,90.0,,,49.0,https://www.amazon.de/,,,,"vergleich.org, amazon.de"
HandiRack,HandiRack (aufblasbar),Aufblasbarer Universal-Dachträger (Sonderbauform),Budget/Universal,GB,Gurtbefestigung durch den Innenraum (keine Reling/Fixpunkte nötig),,,,80.0,,,88.0,https://www.vergleich.org/dachtraeger/,,,,"vergleich.org, amazon.de"
Adamot,Ecoalubase120,Querträger Alu (zudem DE-Distributor für Aguri),Budget/Universal,PL,Reling,120.0,,,90,,,,https://adamot.de/,https://adamot.de/products/b-ware-eco-alu-base-dachtrager-fur-offene-dachreling-120cm,hoch,"Produktdatenblatt bei Adamot (ECOALUBASE120), Marke Eco, Alu, Profil 54x28 mm, T-Nut 20 mm. Kein statischer Wert, kein Eigengewicht angegeben.",adamot.de
Homcom (Aosom),Auto-Dachkorb,Dachkorb/Plattform universal,Budget/Universal,CN,Auf vorhandenen Querträgern/Reling,,,,100.0,,,139.0,https://www.vergleich.org/dachtraeger/,,,,"vergleich.org, amazon.de"
