marke,name,typ,liege_l_cm,liege_b_cm,packhoehe_cm,gewicht_kg,quelle,quelle_typ
Advamping,Advamping Couple 2025,softshell,244,143,45,63.0,https://www.advamping.de/shop/advamping-couple,high
Advamping,Advamping Family 2025,softshell,244,193,45,74.0,https://www.advamping.de/shop/family,high
Advamping,Advamping Family Light 2025,softshell,244,193,45,68.0,https://www.advamping.de/shop/family-light,high
Advamping,Advamping Honeymoon 2025,softshell,244,163,45,68.0,https://www.advamping.de/shop/honeymoon,high
Advamping,Advamping Single 2025,softshell,214,122,45,52.0,https://www.advamping.de/shop/single,high
Adventure Xperience,Adventure Xperience AdventureFamily160 inkl. Vorzelt,softshell,240,160,32,63.0,https://www.adventure-xperience.de/dachzelt-adventurefamily160,high
Adventure Xperience,Adventure Xperience AdventureMate140 inkl. Vorzelt,softshell,240,140,32,58.0,https://www.adventure-xperience.de/adventuremate140,high
Adventure Xperience,Adventure Xperience Adventurer 160,softshell,240,160,32,63.0,https://www.adventure-xperience.de/adventurer160-dachzelt,high
Adventure Xperience,Adventure Xperience Adventurer140,softshell,240,140,30,58.0,https://www.adventure-xperience.de/adventurer-dachzelt-140,high
ALTOURA,ALTOURA Swisskings 140L,softshell,230,135,30,58.0,https://altoura.de/products/swisskings-140l-dachzelt,high
ALTOURA,ALTOURA Swisskings 140S,softshell,230,135,30,53.0,https://altoura.de/products/swisskings-140s-dachzelt,high
ALTOURA,ALTOURA Swisskings 160L,softshell,230,155,30,65.0,https://altoura.de/products/swisskings-160-l-dachzelt,high
ALTOURA,ALTOURA Swisskings 160S,softshell,230,155,30,59.0,https://altoura.de/products/swisskings-160s-klappdachzelt,high
ALTOURA,ALTOURA Swisskings 190L,softshell,230,185,30,85.0,https://altoura.de/products/swisskings-190l-dachzelt-familien-camping,high
ALTOURA,ALTOURA Swisskings Taiga Light-145,hartschale,210,130,13,75.0,https://altoura.de/products/swisskings-taiga-lite-dachzelt-13cm,high
ALTOURA,ALTOURA Swisskings Taiga Pro,hartschale,210,140,22,90.0,https://www.accessoires4x4.ch/en/roof-top-tents-swisskings/980-taiga-serie-pro-hard-shell-aluminium-thickness-22-cm-145-x-210-cm.html,dealer
ALTOURA,ALTOURA Swisskings Taiga Z,hartschale,200,130,22,95.0,https://altoura.de/products/swisskings-taiga-z-panorama-aluminium-dachzelt,high
Alu-Cab,Alu-Cab 2-Sleeper,hybrid,203,136,37,87.0,https://www.alu-cab.com/products/rt-2s/,high
Alu-Cab,Alu-Cab Gen 3-R,hartschale,210,130,28,78.0,https://www.alu-cab.com/products/alu-cab-gen-3-r-expedition-rooftop-tent/,high
Alu-Cab,Alu-Cab LT-50 Advanced Version,hartschale,207,109,17,51.0,https://www.alu-cab.com/products/alu-cab-lt-50/,series
Alu-Cab,Alu-Cab LT-50 Essential Version,hartschale,207,109,17,51.0,https://www.alu-cab.com/products/alu-cab-lt-50/,series
ANEES,ANEES Alu Square 2026 Big,hartschale,202,136,18,71.0,https://dachzelte-kaufen.de/products/anees-aluminium-square,series
ANEES,ANEES Alu Square 2026 Medium,hartschale,202,120,18,63.0,https://dachzelte-kaufen.de/products/anees-aluminium-square,series
ANEES,ANEES Alu Triangle Big,hartschale,202,136,18,70.0,https://dachzelte-kaufen.de/products/anees-aluminium-triangle,series
ANEES,ANEES Alu Triangle Big extralong,hartschale,242,136,18,81.0,https://dachzelte-kaufen.de/products/extralong,series
ANEES,ANEES Alu Triangle Medium,hartschale,202,120,18,61.0,https://dachzelte-kaufen.de/products/anees-aluminium-triangle,series
ANEES,ANEES Alu Triangle Medium extralong,hartschale,242,120,18,71.0,https://dachzelte-kaufen.de/products/extralong,series
ANEES,ANEES Family Hybrid 2026,hybrid,200,192,26,75.0,https://dachzelte-kaufen.de/products/anees-family-dachzelt-hybrid,high
ARB,ARB Altitude,hartschale,187,137,50,106.0,https://www.arb.com.au/product/802500-arb-altitude-electric-hardshell-rooftop-tent,high
ARB,ARB Esperance V2,hybrid,199,143,34,69.0,https://www.arb.com.au/esperance2,high
ARB,ARB Flinders,softshell,240,140,30,56.0,https://www.arb.com.au/flinder-rooftop-tent,high
ARB,ARB Simpson III F/R,softshell,240,140,30,55.0,https://www.arb.com.au/simpson-rooftop-tent,high
ARCTA,ARCTA NIMBO,hartschale,215,137,31,70.0,https://arcta.de/products/nimbo,high
ARCTA,ARCTA Radix,hartschale,200,120,20,85.0,https://arcta.de/products/radix,high
ARCTA,ARCTA Radix XL,hartschale,200,135,22,91.0,https://arcta.de/products/radix-xl,high
ARCTA,ARCTA Viator 140,softshell,240,143,29,55.0,https://arcta.de/products/viator-140,high
ARCTA,ARCTA Viator 160,softshell,240,163,29,61.0,https://arcta.de/products/viator-160,high
ARCTA,ARCTA Viator Family,softshell,240,193,29,69.0,https://arcta.de/products/viator-family,high
ARCTA,ARCTA Viator Pro 140,softshell,240,143,29,56.0,https://arcta.de/products/viator-pro,series
ARCTA,ARCTA Viator Pro 160,softshell,240,163,29,62.0,https://arcta.de/products/viator-pro,series
ARCTA,ARCTA Viator Pro 190,softshell,240,193,29,71.0,https://arcta.de/products/viator-pro,series
Autohome,Autohome Air-Camping Large,softshell,220,180,35,69.0,https://shop.autohome-official.com/en/nino-cirani-range/13-air-camping.html,series
Autohome,Autohome Air-Camping Medium,softshell,220,160,35,63.0,https://shop.autohome-official.com/en/nino-cirani-range/13-air-camping.html,series
Autohome,Autohome Air-Camping Small,softshell,220,130,35,54.0,https://shop.autohome-official.com/en/nino-cirani-range/13-air-camping.html,series
Autohome,Autohome AirPass 360 large /,hartschale,210,155,25,77.0,https://www.dachzelt-shop.de/airpass-by-autohome/airpass-360/,dealer
Autohome,Autohome AirPass 360 medium /,hartschale,205,140,25,65.0,https://www.dachzelt-shop.de/airpass-by-autohome/airpass-360/,dealer
Autohome,Autohome AirPass 360 small /,hartschale,205,125,25,60.0,https://www.dachzelt-shop.de/airpass-by-autohome/airpass-360/,dealer
Autohome,Autohome AirPass View Large /,hartschale,205,155,25,77.0,https://www.dachzelt-shop.de/airpass-by-autohome/airpass-view/,dealer
Autohome,Autohome AirPass View Medium /,hartschale,205,140,25,65.0,https://www.dachzelt-shop.de/airpass-by-autohome/airpass-view/,dealer
Autohome,Autohome AirPass View small /,hartschale,205,125,25,60.0,https://www.dachzelt-shop.de/airpass-by-autohome/airpass-view/,dealer
Autohome,Autohome AirPass View small / carbon,hartschale,205,125,25,60.0,https://www.dachzelt-shop.de/airpass-by-autohome/airpass-view/,dealer
Autohome,Autohome AirTop Large,hartschale,205,160,33,72.0,https://www.autohome-official.com/en/products/airtop-roof-top-tent/airtop/,series
Autohome,Autohome AirTop Medium,hartschale,200,140,33,60.0,https://www.autohome-official.com/en/products/airtop-roof-top-tent/airtop/,series
Autohome,Autohome AirTop Plus Large,hartschale,205,160,33,72.0,https://shop.autohome-official.com/en/airtop-range/54-airtop-plus.html,series
Autohome,Autohome AirTop Plus Medium,hartschale,200,140,33,60.0,https://shop.autohome-official.com/en/airtop-range/54-airtop-plus.html,series
Autohome,Autohome AirTop Plus Small,hartschale,200,125,33,56.0,https://shop.autohome-official.com/en/airtop-range/54-airtop-plus.html,series
Autohome,Autohome AirTop Small,hartschale,200,125,33,56.0,https://www.autohome-official.com/en/products/airtop-roof-top-tent/airtop/,series
Autohome,Autohome Airpass Large,hartschale,200,155,25,77.0,https://www.dachzelt-shop.de/airpass-by-autohome/airpass/,dealer
Autohome,Autohome Airpass Large /,hartschale,200,155,25,77.0,https://www.dachzelt-shop.de/airpass-by-autohome/airpass/,dealer
Autohome,Autohome Airpass Medium,hartschale,200,140,25,65.0,https://www.dachzelt-shop.de/airpass-by-autohome/airpass/,dealer
Autohome,Autohome Airpass Medium /,hartschale,200,140,25,65.0,https://www.dachzelt-shop.de/airpass-by-autohome/airpass/,dealer
Autohome,Autohome Airpass Small /,hartschale,200,125,25,60.0,https://www.dachzelt-shop.de/airpass-by-autohome/airpass/,dealer
Autohome,Autohome Airpass Variant Large,hartschale,200,155,25,77.0,https://www.dachzelt-shop.de/airpass-by-autohome/airpass-variant/,dealer
Autohome,Autohome Airpass Variant Large /,hartschale,200,155,25,77.0,https://www.dachzelt-shop.de/airpass-by-autohome/airpass-variant/,dealer
Autohome,Autohome Airpass Variant Medium,hartschale,200,140,25,65.0,https://www.dachzelt-shop.de/airpass-by-autohome/airpass-variant/,dealer
Autohome,Autohome Airpass Variant Medium /,hartschale,200,140,25,65.0,https://www.dachzelt-shop.de/airpass-by-autohome/airpass-variant/,dealer
Autohome,Autohome Airpass Variant Medium / X Long,hartschale,220,140,25,71.0,https://www.dachzelt-shop.de/airpass-by-autohome/airpass-variant/,dealer
Autohome,Autohome Airpass Variant Medium X Long,hartschale,220,140,25,71.0,https://www.dachzelt-shop.de/airpass-by-autohome/airpass-variant/,dealer
Autohome,Autohome Airpass Variant Small,hartschale,205,125,25,59.0,https://www.dachzelt-shop.de/airpass-by-autohome/airpass-variant/,dealer
Autohome,Autohome Airpass Variant Small /,hartschale,200,125,25,59.0,https://www.dachzelt-shop.de/airpass-by-autohome/airpass-variant/,dealer
Autohome,Autohome Airpass Variant Small / X Long,hartschale,220,125,25,64.0,https://www.dachzelt-shop.de/airpass-by-autohome/airpass-variant/,dealer
Autohome,Autohome Airpass Variant Small X Long,hartschale,220,125,25,64.0,https://www.dachzelt-shop.de/airpass-by-autohome/airpass-variant/,dealer
Autohome,Autohome Airtop 360 large,hartschale,205,160,33,72.0,https://shop.autohome-official.com/en/airtop-range/70-airtop360.html,series
Autohome,Autohome Airtop 360 medium,hartschale,200,140,33,60.0,https://shop.autohome-official.com/en/airtop-range/70-airtop360.html,series
Autohome,Autohome Airtop 360 small,hartschale,200,125,33,56.0,https://shop.autohome-official.com/en/airtop-range/70-airtop360.html,series
Autohome,Autohome Columbus Carbon Fiber Medium,hartschale,200,140,30,55.0,https://shop.autohome-official.com/de/uebersicht-auswahl-columbus/17-columbus-carbon-fiber.html,series
Autohome,Autohome Columbus Carbon Fiber Small,hartschale,200,125,30,49.0,https://shop.autohome-official.com/de/uebersicht-auswahl-columbus/17-columbus-carbon-fiber.html,series
Autohome,Autohome Columbus Land Rover Small X-Long,hartschale,205,125,30,58.0,https://shop.autohome-official.com/en/columbus-range/101-autohome-x-land-rover.html,series
Autohome,Autohome Columbus Variant Large,hartschale,205,160,30,77.0,https://shop.autohome-official.com/en/columbus-range/7-columbus-variant.html,series
Autohome,Autohome Columbus Variant Medium,hartschale,200,140,30,60.0,https://shop.autohome-official.com/en/columbus-range/7-columbus-variant.html,series
Autohome,Autohome Columbus Variant Medium X-Long,hartschale,220,140,30,67.0,https://shop.autohome-official.com/en/columbus-range/7-columbus-variant.html,series
Autohome,Autohome Columbus Variant Small,hartschale,200,125,30,56.0,https://shop.autohome-official.com/en/columbus-range/7-columbus-variant.html,series
Autohome,Autohome Columbus Variant Small X-Long,hartschale,220,125,30,58.0,https://shop.autohome-official.com/en/columbus-range/7-columbus-variant.html,series
Autohome,Autohome Columbus Variant X-Large X-Long,hartschale,220,175,30,93.0,https://shop.autohome-official.com/en/columbus-range/7-columbus-variant.html,series
Autohome,Autohome Extreme-Cargo medium,hartschale,205,140,33,68.0,https://shop.autohome-official.com/en/maggiolina-range/155-extreme-cargo-360.html,series
Autohome,Autohome Extreme-Cargo small,hartschale,205,125,33,64.0,https://shop.autohome-official.com/en/maggiolina-range/155-extreme-cargo-360.html,series
Autohome,Autohome Maggiolina Air-Sky 360° Large,hartschale,195,160,35,85.0,https://shop.autohome-official.com/en/maggiolina-range/129-air-sky-360.html,series
Autohome,Autohome Maggiolina Air-Sky 360° Large X-Long,hartschale,215,160,35,92.0,https://shop.autohome-official.com/en/maggiolina-range/129-air-sky-360.html,series
Autohome,Autohome Maggiolina Air-Sky 360° Medium,hartschale,190,140,35,73.0,https://shop.autohome-official.com/en/maggiolina-range/129-air-sky-360.html,series
Autohome,Autohome Maggiolina Air-Sky 360° Medium X-long,hartschale,210,140,35,82.0,https://shop.autohome-official.com/en/maggiolina-range/129-air-sky-360.html,series
Autohome,Autohome Maggiolina Air-Sky 360° Small,hartschale,190,125,35,67.0,https://shop.autohome-official.com/en/maggiolina-range/129-air-sky-360.html,series
Autohome,Autohome Maggiolina Air-Sky 360° Small X-long,hartschale,210,125,35,72.0,https://shop.autohome-official.com/en/maggiolina-range/129-air-sky-360.html,series
Autohome,Autohome Maggiolina Airlander Plus 360,hartschale,210,175,30,90.0,https://shop.autohome-official.com/en/maggiolina-range/159-airlander-plus-360.html,series
Autohome,Autohome Maggiolina Airlander Plus Large,hartschale,195,160,30,77.0,https://shop.autohome-official.com/en/maggiolina-range/107-maggiolinaairlanderplus.html,series
Autohome,Autohome Maggiolina Airlander Plus Medium,hartschale,190,140,30,64.0,https://shop.autohome-official.com/en/maggiolina-range/107-maggiolinaairlanderplus.html,series
Autohome,Autohome Maggiolina Airlander Plus Medium X-Long,hartschale,210,140,30,70.0,https://shop.autohome-official.com/en/maggiolina-range/107-maggiolinaairlanderplus.html,series
Autohome,Autohome Maggiolina Airlander Plus Small,hartschale,190,125,30,59.0,https://shop.autohome-official.com/en/maggiolina-range/107-maggiolinaairlanderplus.html,series
Autohome,Autohome Maggiolina Airlander Plus Small X-Long,hartschale,210,125,30,65.0,https://shop.autohome-official.com/en/maggiolina-range/107-maggiolinaairlanderplus.html,series
Autohome,Autohome Maggiolina Carbon Fiber Medium,hartschale,190,140,30,57.0,https://shop.autohome-official.com/en/maggiolina-range/5-maggiolina-carbon-fiber.html,series
Autohome,Autohome Maggiolina Carbon Fiber Small,hartschale,190,125,30,51.0,https://shop.autohome-official.com/en/maggiolina-range/5-maggiolina-carbon-fiber.html,series
Autohome,Autohome Maggiolina Extreme Medium,hartschale,190,140,33,68.0,https://www.autohome-official.com/en/products/maggiolina-roof-top-tent/maggiolina-extreme/,series
Autohome,Autohome Maggiolina Extreme Small,hartschale,190,125,33,70.0,https://www.autohome-official.com/en/products/maggiolina-roof-top-tent/maggiolina-extreme/,series
Autohome,Autohome Maggiolina Grand Tour 360° large,hartschale,195,160,36,76.0,https://shop.autohome-official.com/en/maggiolina-range/71-maggiolina-grand-tour-360.html,series
Autohome,Autohome Maggiolina Grand Tour 360° large x-long,hartschale,215,160,36,84.0,https://shop.autohome-official.com/en/maggiolina-range/71-maggiolina-grand-tour-360.html,series
Autohome,Autohome Maggiolina Grand Tour 360° medium,hartschale,190,140,36,68.0,https://shop.autohome-official.com/en/maggiolina-range/71-maggiolina-grand-tour-360.html,series
Autohome,Autohome Maggiolina Grand Tour 360° medium x-long,hartschale,210,140,36,71.0,https://shop.autohome-official.com/en/maggiolina-range/71-maggiolina-grand-tour-360.html,series
Autohome,Autohome Maggiolina Grand Tour 360° small,hartschale,190,125,36,60.0,https://shop.autohome-official.com/en/maggiolina-range/71-maggiolina-grand-tour-360.html,series
Autohome,Autohome Maggiolina Grand Tour 360° small x-long,hartschale,210,125,36,69.0,https://shop.autohome-official.com/en/maggiolina-range/71-maggiolina-grand-tour-360.html,series
Autohome,Autohome Maggiolina Grand Tour Large,hartschale,195,160,36,85.0,https://www.autohome-official.com/en/products/maggiolina-roof-top-tent/maggiolina-grand-tour/,series
Autohome,Autohome Maggiolina Grand Tour Large X-Long,hartschale,210,160,36,92.0,https://www.autohome-official.com/en/products/maggiolina-roof-top-tent/maggiolina-grand-tour/,series
Autohome,Autohome Maggiolina Grand Tour Medium,hartschale,190,140,36,72.0,https://www.autohome-official.com/en/products/maggiolina-roof-top-tent/maggiolina-grand-tour/,series
Autohome,Autohome Maggiolina Grand Tour Medium X-Long,hartschale,210,140,36,79.0,https://www.autohome-official.com/en/products/maggiolina-roof-top-tent/maggiolina-grand-tour/,series
Autohome,Autohome Maggiolina Grand Tour Small,hartschale,190,125,36,67.0,https://www.autohome-official.com/en/products/maggiolina-roof-top-tent/maggiolina-grand-tour/,series
Autohome,Autohome Maggiolina Grand Tour Small X-Long,hartschale,210,125,36,73.0,https://www.autohome-official.com/en/products/maggiolina-roof-top-tent/maggiolina-grand-tour/,series
Autohome,Autohome Nomadland 2.0 Large,softshell,220,180,35,69.0,https://shop.autohome-official.com/en/entry-level/131-nomadland-2.html,series
Autohome,Autohome Nomadland 2.0 Medium,softshell,220,160,35,63.0,https://shop.autohome-official.com/en/entry-level/131-nomadland-2.html,series
Autohome,Autohome Nomadland 2.0 Small,softshell,220,130,35,54.0,https://shop.autohome-official.com/en/entry-level/131-nomadland-2.html,series
Autohome,Autohome Nomadland 3.0 medium,hartschale,210,155,25,65.0,https://shop.autohome-official.com/en/entry-level/154-nomadland-3.html,series
Autohome,Autohome Nomadland 3.0 small,hartschale,210,125,25,60.0,https://shop.autohome-official.com/en/entry-level/154-nomadland-3.html,series
Autohome,Autohome Overcamp Large,softshell,200,180,35,66.0,https://shop.autohome-official.com/en/nino-cirani-range/12-overcamp.html,series
Autohome,Autohome Overcamp Small,softshell,200,130,35,54.0,https://shop.autohome-official.com/en/nino-cirani-range/12-overcamp.html,series
Autohome,Autohome Overland Large,softshell,220,180,35,69.0,https://shop.autohome-official.com/en/nino-cirani-range/16-overland.html,series
Autohome,Autohome Overland Medium,softshell,220,160,35,63.0,https://shop.autohome-official.com/en/nino-cirani-range/16-overland.html,series
Autohome,Autohome Overland Small,softshell,220,130,35,54.0,https://shop.autohome-official.com/en/nino-cirani-range/16-overland.html,series
Autohome,Autohome Overzone Large,softshell,220,180,35,74.0,https://shop.autohome-official.com/en/nino-cirani-range/11-ovezone.html,series
Autohome,Autohome Overzone Medium,softshell,220,160,35,65.0,https://shop.autohome-official.com/en/nino-cirani-range/11-ovezone.html,series
Autohome,Autohome Overzone Small,softshell,220,130,35,54.0,https://shop.autohome-official.com/en/nino-cirani-range/11-ovezone.html,series
Beduin,Beduin Tents Classic 130,softshell,200,125,30,40.0,https://www.beduin-tents.com/produkte/classic/,series
Beduin,Beduin Tents Classic 170,softshell,200,165,30,48.0,https://www.beduin-tents.com/produkte/classic/,series
Beduin,Beduin Tents Classic 190,softshell,200,185,30,58.0,https://www.beduin-tents.com/produkte/classic/,series
Beduin,Beduin Tents Comfort 130,softshell,200,125,30,50.0,https://www.beduin-tents.com/produkte/comfort/,series
Beduin,Beduin Tents Comfort 170,softshell,200,165,30,60.0,https://www.beduin-tents.com/produkte/comfort/,series
Beduin,Beduin Tents Comfort 190,softshell,200,185,30,70.0,https://www.beduin-tents.com/produkte/comfort/,series
Belluna,Belluna Alexander von Humboldt,hartschale,205,125,17,55.0,https://belluna.eu/shop/dachzelt-alexander-von-humboldt-220x134-cm-2/,high
Belluna,Belluna Georg Forster,hartschale,205,125,22,55.0,https://belluna.eu/shop/dachzelt-georg-forster-220x134-cm/,high
Belluna,Belluna Hans Meyer,hartschale,205,123,25,59.0,https://belluna.eu/shop/dachzelt-hans-meyer-210x120cm/,high
Belluna,Belluna Marco Polo,hartschale,205,120,17,55.0,https://belluna.eu/shop/dachzelt-marco-polo/,high
Berger,Berger CampLodge 120,softshell,210,120,37,50.0,https://www.fritz-berger.de/artikel/berger-camplodge-120-klapp-dachzelt-fuer-2-personen-liegeflaeche-210-x-120-cm-400267,high
Berger,Berger SkyLodge 160,softshell,210,155,37,51.0,https://www.fritz-berger.de/artikel/berger-skylodge-160-klapp-dachzelt-fuer-2-3-personen-liegeflaeche-210-x-160-cm-481284,high
BIA Outdoor,BIA Outdoor Hartschalendachzelt Gerald,hartschale,205,125,17,70.0,https://bia-outdoor.com/products/hartschalendachzelte-gerald,high
BIA Outdoor,BIA Outdoor Hartschalendachzelt Robert,hartschale,205,125,17,72.0,https://bia-outdoor.com/products/hartschalendachzelt-robert,high
boote und mehr,boote und mehr Autodachzelt (Aluminium),hybrid,200,175,18,104.0,https://www.booteundmehr.shop/dachzelte,series
boote und mehr,boote und mehr Dachzelt Vertikal Lift 2.1 (ABS),hartschale,208,126,32,79.0,https://www.booteundmehr.shop/product-page/hartschalen-dachzelt-autodachzelt-vertical-lift-2-1-m-abs-abdeckung,high
boote und mehr,boote und mehr Dachzelt Vertikal Lift 2.1 (Alu),hartschale,210,130,18,80.0,https://www.booteundmehr.shop/product-page/aluminium-dachzelt-vertical-lift-21-m,high
boote und mehr,boote und mehr Triangle 210,hartschale,205,122,18,76.0,https://www.booteundmehr.shop/product-page/aluminium-dachzelt-triangle-210,high
BRAGUSCAMP,BRAGUSCAMP IGLOO,softshell,200,125,21,42.0,https://braguscamp.com/de/autodachzelt/dachzelt-modell-igloo-braguscamp,high
BRAGUSCAMP,BRAGUSCAMP NOMAD PRO V3,hartschale,208,128,21,59.0,https://braguscamp.com/de/autodachzelt/braguscamp-nomad-pro-dachzelt-v3-aus-aluminium-und-wasserdicht,high
BRAGUSCAMP,BRAGUSCAMP XPLORER 135,hartschale,200,125,19,63.0,https://braguscamp.com/de/autodachzelt/dachzelt-xplorer-218135165cm-braguscamp-aluminium,high
BRAGUSCAMP,BRAGUSCAMP XPLORER 145,hartschale,200,125,19,60.0,https://braguscamp.com/de/autodachzelt/dachzelt-xplorer-145cm-aluminium-braguscamp,high
Bundutec,Bundutec Bundutop King,hartschale,205,155,30,85.0,https://bundutec.co.uk/bundutop/,series
Bundutec,Bundutec Bundutop Standard,hartschale,205,130,30,80.0,https://bundutec.co.uk/bundutop/,series
Campelot,Campelot Merlin 140,softshell,240,140,29,55.0,https://campelot.de/produkt/dachzelt-merlin-140/,high
Campelot,Campelot Merlin 140 kompakt,softshell,240,140,29,48.0,https://campelot.de/produkt/dachzelt-merlin-140-kompakt/,high
Campelot,Campelot Merlin 160,softshell,240,160,29,65.0,https://campelot.de/produkt/dachzelt-merlin-160/,high
Campelot,Campelot Merlin 190,softshell,240,190,29,74.0,https://campelot.de/produkt/dachzelt-merlin-190/,high
Camper’s Delight,Camper’s Delight AeroSummit Fold #3,hybrid,200,130,25,80.0,https://campers-delight.de/Hybriddachzelt-Aluminium-2-Personen-AeroSummit-Fold,high
Camper’s Delight,Camper’s Delight AeroSummit Lift #1,hartschale,200,120,18,82.0,https://campers-delight.de/Dachzelt-Aluminium-2-Personen-AeroSummit-Lift,high
Camper’s Delight,Camper’s Delight AeroSummit Light #2,hartschale,196,120,18,65.0,https://campers-delight.de/Dachzelt-Aluminium-2-Personen,high
CAMPJunkie,CAMPJunkie Premium 165,softshell,240,160,38,68.0,https://www.campjunkie.de/dachzelt-shop/,series
CAMPJunkie,CAMPJunkie Premium Edition,softshell,240,140,38,57.0,https://www.campjunkie.de/app/module/webproduct/goto/m/m031db2817fb8f950,high
CAMPJunkie,CAMPJunkie Standard Edition,softshell,240,140,38,56.0,https://www.campjunkie.de/dachzelt-shop/,series
CAMPWERK,CAMPWERK Adventure 140,softshell,240,138,35,60.0,https://www.campwerk.de/shop/dachzelte/alle-dachzelte/adventure-dachzelt/,series
CAMPWERK,CAMPWERK Adventure 165,softshell,240,163,35,68.0,https://www.campwerk.de/shop/dachzelte/alle-dachzelte/adventure-dachzelt/,series
CAMPWERK,CAMPWERK Good Vibes,hartschale,200,133,34,68.0,https://shop.campwerk.de/goodvibes-hartschale-dachzelt,high
Carryboy,Carryboy Dachzelt CB-102-2P,softshell,210,130,30,56.0,https://www.carryboy.de/en/Carryboy-roof-tent-for-2-3-people-Series-1,high
Darche,Darche Basecamp 2200,softshell,240,220,33,87.0,https://darche.com.au/products/basecamp-2200-roof-top-tent,high
Darche,Darche Buffalo 1535,hartschale,205,145,18,85.0,https://darche.com.au/products/buffalo-1535-roof-top-tent,high
Darche,Darche Detachable,softshell,240,143,31,54.0,https://darche.com.au/products/detachable-roof-top-tent,high
Darche,Darche Double Dee,hybrid,240,155,31,96.0,https://darche.com.au/products/double-dee-hybrid-roof-tt,high
Darche,Darche Eco Ridgeback Green,hartschale,200,130,22,85.0,https://darche.com.au/products/eco-ridgeback-rtt-green,high
Darche,Darche Hi View 1600,softshell,240,160,33,65.0,https://darche.com.au/products/hi-view-1400-roof-top-tent,series
Darche,Darche Hi View 1800,softshell,240,180,30,70.0,https://darche.com.au/products/hi-view-1400-roof-top-tent,series
Darche,Darche Hi-View 220,softshell,240,220,33,87.0,https://darche.com.au/products/hi-view-1400-roof-top-tent,series
Darche,Darche Highland 1300,hartschale,210,125,18,72.0,https://darche.com.au/products/highland-1300-roof-top-tent,high
Darche,Darche Panorama 140,softshell,240,140,29,62.0,https://darche.com.au/products/panorama-rtt-1400-no-annex,high
Darche,Darche Panorama 140 Comfort,softshell,240,140,29,64.0,https://darche.com.au/products/panorama-rtt-1400-no-annex,series
Darche,Darche Panorama 160 Comfort,softshell,240,160,25,65.0,https://darche.com.au/products/panorama-rtt-1400-no-annex,series
Darche,Darche Ridgeback HD SHLL ECO Poly,hartschale,200,130,22,85.0,https://darche.com.au/products/ridgeback-hd-shll-eco-rtt-poly,high
Darche,Darche Streamliner 1250 RTT,hartschale,205,120,15,69.0,https://darche.com.au/products/streamliner-1250-rtt,high
Dare to be Different,Dare to be Different Outdoor 140 Light Weight,softshell,230,140,28,48.0,https://www.dtbdoutdoor.eu/de/dachzelte/dachzelt-140s-lw,high
Dare to be Different,Dare to be Different Outdoor 140L,softshell,230,140,38,59.0,https://www.dtbdoutdoor.eu/de/dachzelte/dachzelt-140-l,high
Dare to be Different,Dare to be Different Outdoor 140S,softshell,230,140,38,59.0,https://www.dtbdoutdoor.eu/de/daktenten/daktent-140s,high
Dare to be Different,Dare to be Different Outdoor Aniewhere,softshell,210,138,28,50.0,https://www.dtbdoutdoor.eu/de/dachtzelten/aniewhere,high
Dare to be Different,Dare to be Different Outdoor Deluxe 180 L,softshell,230,180,38,68.0,https://www.dtbdoutdoor.eu/de/dachzelte/dachzelt-180-l,high
Dare to be Different,Dare to be Different Outdoor Family 220XL,softshell,230,220,30,75.0,https://www.dtbdoutdoor.eu/de/dachzelte/dachzelt-220-xl,high
Dare to be Different,Dare to be Different Sitta 140,softshell,240,140,38,59.0,https://www.dtbdoutdoor.eu/de/dachzelten/dachzelt-sitta,high
Dare to be Different,Dare to be Different Sitta 180,softshell,230,180,38,65.0,https://www.dtbdoutdoor.eu/de/daktenten/daktent-sitta-180,high
Dare to be Different,Dare to be different Alau 140,softshell,230,140,38,64.0,https://www.dtbdoutdoor.eu/de/alau-140-dachzelt,high
Dark Barracks,Dark Barracks Basic 2.0,hartschale,203,130,24,98.0,https://shop.campwerk.de/dark-barracks-basic-mit-26m-leiter_1,dealer
Dark Barracks,Dark Barracks Grand 2.0 Pro,hartschale,230,150,24,120.0,https://shop.campwerk.de/dark-barracks-grand-mit-26m-leiter,dealer
Decathlon,Decathlon Hartschale Fresh & Black,hartschale,215,125,22,60.0,https://www.decathlon.de/p/dachzelt-hartschale-fresh-und-black-quechua-naitup-fuer-2-personen/_/R-p-342818,high
Decathlon,Decathlon MH 500 Fresh & Black,softshell,237,139,35,56.0,https://www.decathlon.de/p/dachzelt-fresh-and-black-mh500-fur-2-personen/331938/m8642422,high
Decathlon,Decathlon MH500 Family,softshell,200,213,30,80.0,https://www.decathlon.de/p/dachzelt-fresh-and-black-500-family-fur-vier-personen/364289/m8939574,high
Decathlon,Decathlon MH900 fresh & Black,softshell,207,138,35,52.0,https://www.decathlon.de/p/dachzelt-aufblasbar-fresh-and-black-mh900-fur-2-personen/344868/m8788265,high
Decathlon,Decathlon VAN 500 Fresh & Black,softshell,205,130,32,24.0,https://www.decathlon.de/p/dachzelt-aufblasbar-fresh-and-black-fur-2-personen-van/313004/c241c71c335m8575763,high
DoblerAventura,DoblerAventura TerraFlex,hartschale,210,132,20,75.0,https://www.dobleraventura.de/product-page/dachzelt-terraflex,high
Dometic,Dometic TRT 140 AIR,softshell,210,140,33,48.0,https://www.dometic.com/en-us/outdoor/car-camping/rooftop-tents/dometic-trt-140-air-337748,high
Edge Overland,Edge Overland Horizon Mini,hybrid,230,145,25,65.0,https://www.edge-overland.com/horizon-mini-compact-hardshell-rooftop-tent,high
Edge Overland,Edge Overland Horizon One,hybrid,230,205,25,90.0,https://www.edge-overland.com/horizon-one-car-rooftop-tent,high
Eezi-Awn,Eezi-Awn Blade,hartschale,215,130,32,72.0,https://eezi-awn.com/product/blade/,high
Eezi-Awn,Eezi-Awn Blade 40th Edition,hartschale,215,140,32,82.0,https://eezi-awn.com/product/eezi-awn-blade-40th-edition/,high
Eezi-Awn,Eezi-Awn Family 2200,softshell,240,220,28,90.0,https://eezi-awn.com/product/family/,high
Eezi-Awn,Eezi-Awn Galaxy,softshell,197,125,16,45.0,https://eezi-awn.com/product/eezi-awn-galaxy/,high
Eezi-Awn,Eezi-Awn Jazz 1200,softshell,235,120,28,56.0,https://eezi-awn.com/product/jazz/,series
Eezi-Awn,Eezi-Awn Jazz 1400,softshell,235,140,28,61.0,https://eezi-awn.com/product/jazz/,series
Eezi-Awn,Eezi-Awn Jazz 1600,softshell,235,160,28,65.0,https://eezi-awn.com/product/jazz/,series
Eezi-Awn,Eezi-Awn Jazz 1800,softshell,235,180,28,69.0,https://eezi-awn.com/product/jazz/,series
Eezi-Awn,Eezi-Awn Sabre,hybrid,200,130,37,100.0,https://eezi-awn.com/us/product/eezi-awn-sabre/,high
Eezi-Awn,Eezi-Awn Sabre Lite,hybrid,200,130,37,72.0,https://eezi-awn.com/product/eezi-awn-sabre-lite/,high
Eezi-Awn,Eezi-Awn Serie3 1200,softshell,240,120,28,59.0,https://eezi-awn.com/us/product/series-3/,series
Eezi-Awn,Eezi-Awn Serie3 1400,softshell,240,140,28,62.0,https://eezi-awn.com/us/product/series-3/,series
Eezi-Awn,Eezi-Awn Serie3 1600,softshell,240,160,28,68.0,https://eezi-awn.com/us/product/series-3/,series
Eezi-Awn,Eezi-Awn Serie3 1800,softshell,240,180,28,72.0,https://eezi-awn.com/us/product/series-3/,series
Eezi-Awn,Eezi-Awn Series 3 40 Edition 140,softshell,235,140,28,57.0,https://eezi-awn.com/product/eezi-awn-series-3-40th-edition/,series
Eezi-Awn,Eezi-Awn Series 3 40 Edition 160,softshell,235,160,28,62.0,https://eezi-awn.com/product/eezi-awn-series-3-40th-edition/,series
Eezi-Awn,Eezi-Awn Series 3 40 Edition 180,softshell,235,180,28,67.0,https://eezi-awn.com/product/eezi-awn-series-3-40th-edition/,series
Eezi-Awn,Eezi-Awn Stealth,hartschale,213,130,30,90.0,https://eezi-awn.com/de/product/eezi-awn-stealth/,high
Eezi-Awn,Eezi-Awn Sword Family,hybrid,200,190,38,74.0,https://eezi-awn.com/product/eezi-awn-sword-hard-shell-tent/,high
Eezi-Awn,Eezi-Awn Xklusiv 1400,softshell,244,140,28,75.0,https://eezi-awn.com/product/t-top-xklusiv/,series
Eezi-Awn,Eezi-Awn Xklusiv 1600,softshell,244,160,28,85.0,https://eezi-awn.com/product/t-top-xklusiv/,series
Eezi-Awn,Eezi-Awn Xklusiv 1800,softshell,244,180,28,90.0,https://eezi-awn.com/product/t-top-xklusiv/,series
Eezi-Awn,Eezi-Awn Xklusiv 2200,softshell,244,220,28,120.0,https://eezi-awn.com/product/t-top-xklusiv/,series
EuroTrail,EuroTrail Arusha,hybrid,205,150,34,75.0,https://www.zeltespezialist.de/hardtop-dachzelt-arusha/etrt0021.0401,dealer
EuroTrail,Eurotrail Mandara 211 x 130,hartschale,200,120,20,91.0,https://rooftopadventures.eu/products/mandara-2/,series
EuroTrail,Eurotrail Mandara 211 x 145,hartschale,200,135,20,100.0,https://rooftopadventures.eu/products/mandara-2/,series
EuroTrail,Eurotrail Mara 140,softshell,240,135,28,55.0,https://rooftopadventures.eu/products/796/,series
EuroTrail,Eurotrail Mara 160,softshell,240,155,32,61.0,https://rooftopadventures.eu/products/796/,series
EuroTrail,Eurotrail Victoria 140,softshell,240,138,28,49.0,https://rooftopadventures.eu/products/victoria-140-160/,series
EuroTrail,Eurotrail Victoria 160,softshell,240,160,32,56.0,https://rooftopadventures.eu/products/victoria-140-160/,series
EuroTrail,Eurotrail Zambezi,hartschale,205,123,27,62.0,https://rooftopadventures.eu/products/zambezi/,high
FD,FD 4×4 Tourer 140,softshell,240,140,30,58.0,https://www.tembo4x4.com/Tembo4x4-rooftoptent-TBHRT14T-Tourer,high
FD,FD 4×4 Tourer 160,softshell,240,160,30,60.0,https://www.tour-tec.de/dachzelte-markisen/fd-4x4/fd-4x4---dachzelt-160-tourer.php,dealer
FD,FD 4×4 Tourer 190,softshell,240,190,30,64.0,https://www.tour-tec.de/dachzelte-markisen/fd-4x4/fd-4x4---dachzelt-190-tourer.php,dealer
Femkes Rooftoptent,femkesrooftoptent Alu Khosi 150,hybrid,215,145,27,62.0,https://www.femkesrooftoptents.com/daktent/alu-khosi-2-personen,high
Femkes Rooftoptent,femkesrooftoptent Alu-Khosi Family 190,hybrid,210,175,27,82.0,https://www.femkesrooftoptents.com/khosi-family-3-personen-kind-copy,high
Femkes Rooftoptent,femkesrooftoptent JoyCee 140,hartschale,210,137,31,65.0,https://www.femkesrooftoptents.com/daktent/joycee-2-personen,high
Femkes Rooftoptent,femkesrooftoptent Khosi ABS 150,hybrid,215,150,33,55.0,https://www.femkesrooftoptents.com/daktent/khosi-abs-2-personen,high
Femkes Rooftoptent,femkesrooftoptent Khosi Family 190,hybrid,215,180,33,70.0,https://www.femkesrooftoptents.com/daktent/khosi-family-3-personen-en-baby,high
Femkes Rooftoptent,femkesrooftoptent Lifun,hartschale,204,137,31,74.0,https://www.femkesrooftoptents.com/daktent/miles-starling-140,high
Femkes Rooftoptent,femkesrooftoptent Miles Starling 140,hartschale,206,136,31,74.0,https://www.femkesrooftoptents.com/daktent/miles-starling-140,series
Fiamma,Fiamma Moonlight 140,softshell,238,139,27,54.0,https://www.fiamma.it/en/product/moonlight-tent/,series
Fiamma,Fiamma Moonlight 180,softshell,238,179,27,62.0,https://www.fiamma.it/en/product/moonlight-tent/,series
FjällVila,FjällVila EasyStart,softshell,240,140,30,52.0,https://fjallvila.de/product/fjallvila-easystart-softcover-dachzelt-little-grey/,high
FjällVila,FjällVila Upp Resa 130,softshell,224,120,20,57.0,https://fjallvila.de/product/fjallvila-upp-resa-130-dachzelt-wolkentanzer/,high
FjällVila,FjällVila Upp Resa 150,softshell,224,145,30,67.0,https://fjallvila.de/product/fjallvila-uppresa150-softcover-dachzelt-cloud-dancer/,high
FjällVila,FjällVila UppLöv 140L,softshell,240,140,28,58.0,https://fjallvila.de/product/fjallvila-upplov-140l-softcover-dachzelt-little-grey/,series
FjällVila,FjällVila UppLöv 140S,softshell,240,140,28,55.0,https://fjallvila.de/product/fjallvila-upplov-140s-softcover-dachzelt-little-grey/,high
FjällVila,FjällVila UppLöv 160L,softshell,240,160,28,67.0,https://fjallvila.de/product/fjallvila-upplov-160l-softcover-dachzelt-little-grey/,series
FjällVila,FjällVila UppLöv 190L Softcover,softshell,240,190,28,78.0,https://fjallvila.de/product/fjallvila-upplov-190l-softcover-dachzelt-little-grey/,high
FjällVila,FjällVila UppLöv 190Lgrün,softshell,240,190,28,78.0,https://fjallvila.de/product/fjallvila-upplov-190l-softcover-dachzelt-4-personen-khaki-grun/,high
FjällVila,FjällVila UppTäcka Cloud Dancer,hartschale,209,120,13,82.0,https://fjallvila.de/product/fjallvila-upptacka-hardcover-dachzelt-cloud-dancer/,high
FjällVila,FjällVila UppTäcka Diamond,hartschale,209,120,13,82.0,https://fjallvila.de/product/fjallvila-upptacka-hardcover-dachzelt-black-diamond/,high
FjällVila,FjällVila UppTäcka Light,softshell,209,130,15,35.0,https://fjallvila.de/product/fjallvila-upptacka-leichtes-softcover-dreiecksdachzelt/,high
FjällVila,FjällVila UppTäcka Pro,hartschale,210,130,15,74.0,https://fjallvila.de/product/fjallvila-upptacka-pro-hardcover-dachzelt/,high
FjällVila,FjällVila UppTäcka S Diamond,hartschale,209,120,13,76.0,https://fjallvila.de/product/fjallvila-upptacka-s-hardcover-dachzelt-black-diamond/,high
FjällVila,FjällVila UppVärme Cloud Dancer,hybrid,210,140,30,88.0,https://fjallvila.de/product/fjallvila-uppvarme-hybrid-dachzelt-cloud-dancer/,high
FjällVila,FjällVila UppVärme Middle Buff,hybrid,210,140,30,88.0,https://fjallvila.de/product/fjallvila-uppvarme-hybrid-dachzelt-middle-buff/,high
FjällVila,FjällVila Üpptäcka S Cloud Dancer,hartschale,209,120,13,76.0,https://fjallvila.de/product/fjallvila-upptacka-s-hardcover-dachzelt-cloud-dancer/,high
FlensboXX,FlensboXX Biwak,hartschale,200,135,47,56.0,https://www.flensboxx.de/Dachzelt_Auto.html,series
FlensboXX,FlensboXX Biwak Single,hartschale,200,90,44,56.0,https://www.flensboxx.de/Dachzelt_Auto.html,series
Freebird,Freebird Dachzelt,softshell,240,190,30,60.0,https://www.campingtrailer.de/autodachzelt/,high
Freizeitwelt,Freizeitwelt Autodachzelt Allrounder elektrisch,hartschale,215,140,24,48.0,https://www.freizeitwelt.de/produkte/freizeitwelt/dachzelt-allrounder,series
Freizeitwelt,Freizeitwelt Autodachzelt Allrounder manuell,hartschale,215,140,24,48.0,https://www.freizeitwelt.de/produkte/freizeitwelt/dachzelt-allrounder,series
Freizeitwelt,Freizeitwelt Autodachzelt Founder elektrisch,hartschale,215,140,24,43.0,https://www.freizeitwelt.de/produkte/freizeitwelt/dachzelt-founder,series
Freizeitwelt,Freizeitwelt Autodachzelt Founder manuell,hartschale,215,140,24,43.0,https://www.freizeitwelt.de/produkte/freizeitwelt/dachzelt-founder,series
Front Runner,Front Runner Dometic Feather-Lite II,softshell,246,120,33,49.0,https://www.dometic.com/en/product/featherlite-ii-rooftop-tent-tent257,high
GEAR ROCK,GEAR ROCK Chilkat 140,softshell,240,140,33,52.0,https://canadagear.de/collections/dachzelte-fur-2-bis-3-personen/products/gear-rock-soft-top-dachzelt,series
GEAR ROCK,GEAR ROCK Chilkat 180,softshell,240,180,33,65.0,https://canadagear.de/collections/dachzelte-fur-2-bis-3-personen/products/gear-rock-soft-top-dachzelt,series
GEAR ROCK,GEAR ROCK Chilkat 220,softshell,240,220,33,85.0,https://canadagear.de/collections/dachzelte-fur-2-bis-3-personen/products/gear-rock-soft-top-dachzelt,series
GEAR ROCK,GEAR ROCK Kootenay,hartschale,200,135,30,58.0,https://canadagear.de/collections/hartschalen-dachzelte/products/gear-rock-kootenay-hartschalen-dachzelt,high
GEAR ROCK,GEAR ROCK Kootenay X-Large XL,hartschale,200,160,30,82.0,https://canadagear.de/collections/hartschalen-dachzelte/products/gear-rock-kootenay-x-large-hartschalen-dachzelt,high
GEAR ROCK,GEAR ROCK Revelstoke,hartschale,215,135,17,78.0,https://canadagear.de/collections/hartschalen-dachzelte/products/gear-rock-revelstoke-hartschalen-dachzelt,high
GEAR ROCK,Gear Rock Revelstoke Pro 120,hartschale,205,120,21,68.0,https://canadagear.de/products/gear-rock-revelstoke-pro-hartschalen-dachzelt,series
GEAR ROCK,Gear Rock Revelstoke Pro 135,hartschale,205,135,21,75.0,https://canadagear.de/products/gear-rock-revelstoke-pro-hartschalen-dachzelt,series
Gobi-X,Gobi-X Tankwa,hartschale,215,135,32,72.0,https://www.gobi-x.co.za/tankwa-roof-tents/,high
Gordigear,Gordigear Bonito,hybrid,210,140,28,98.0,https://www.gordigear.com/products/bonito,high
Gordigear,Gordigear Bonito Light,hybrid,210,148,28,73.0,https://www.gordigear.com/products/leichtes-hybrid-hartschalen-dachzelt,high
Gordigear,Gordigear Dachzelt Tanami Plus 140 (ERT01),softshell,230,140,35,59.0,https://www.gordigear.com/products/tanami-plus-falt-dachzelt,series
Gordigear,Gordigear Dachzelt Tanami Plus 165 (ERT16),softshell,230,165,35,66.0,https://www.gordigear.com/products/tanami-plus-falt-dachzelt,series
Gordigear,Gordigear Dachzelt Tanami Plus 180 (ERT18),softshell,230,180,35,71.0,https://www.gordigear.com/products/tanami-plus-falt-dachzelt,series
Gordigear,Gordigear Daintree PRO 180 – DZD Amrum – Abverkauf,softshell,230,180,35,78.0,https://www.gordigear.com/products/tanami-pro-falt-dachzelt,series
Gordigear,Gordigear Daintree PRO 180 – DZD Freilingen – Abverkauf,softshell,230,180,35,78.0,https://www.gordigear.com/products/tanami-pro-falt-dachzelt,series
Gordigear,Gordigear Daintree PRO 180 – DZD Sandstedt – Abverkauf,softshell,230,180,35,78.0,https://www.gordigear.com/products/tanami-pro-falt-dachzelt,series
Gordigear,Gordigear Hapuku,hartschale,205,126,15,95.0,https://www.gordigear.com/products/hapuku,high
Gordigear,Gordigear Mulloway,hartschale,202,120,13,79.0,https://www.gordigear.com/products/mulloway,high
Gordigear,Gordigear Tanami Light,softshell,230,140,35,52.0,https://www.gordigear.com/products/tanami-light-140cm,high
Gordigear,Gordigear Tanami Pro 140 (Daintree),softshell,230,140,35,66.0,https://www.gordigear.com/products/tanami-pro-falt-dachzelt,series
Gordigear,Gordigear Tanami Pro 165 (Daintree),softshell,230,165,35,73.0,https://www.gordigear.com/products/tanami-pro-falt-dachzelt,series
Gordigear,Gordigear Tanami Pro 180 (Deintree),softshell,230,180,35,78.0,https://www.gordigear.com/products/tanami-pro-falt-dachzelt,series
Gordigear,Gordigear Tanami Pro 220 (Daintree),softshell,230,220,35,90.0,https://www.gordigear.com/products/tanami-pro-falt-dachzelt,series
Gordigear,Gordigear Tanami Ultra Light 130,softshell,200,130,35,45.0,https://www.gordigear.com/products/tanami-ultra-light-130cm-dachzelt,high
Groenberg,Groenberg Alvar,hartschale,210,130,12,77.0,https://groenberg.com/Alvar-Dachzelt-Grau/261340,series
Groenberg,Groenberg Halvor 160,softshell,235,155,28,71.0,https://groenberg.com/Halvor-160-Dachzelt-Safari/261306,series
Groenberg,Groenberg Tjelvar,hartschale,210,130,12,81.0,https://groenberg.com/Tjelvar-Dachzelt-Grau/261341,series
Groenberg,Groenberg Villmark 160,softshell,235,155,28,70.0,https://groenberg.com/en/Villmark-Rooftop-Tent-160/261301,high
Groenberg,Groenberg Weekend Classic,softshell,220,130,40,18.0,https://groenberg.com/WEEKEND-Classic-Ultraleichtes-Pocket-Size-Dachzelt/261346,high
Groenberg,Groenberg Weekend Comfort,softshell,220,130,40,20.0,https://groenberg.com/WEEKEND-Comfort/261344,high
Hapro,Hapro Vista L,hartschale,212,122,33,62.0,https://vdlhapro.com/en/products/vista-l/,high
Hapro,Hapro Vista XL,hybrid,212,206,35,75.0,https://vdlhapro.com/en/products/vista-xl/,high
HeroCamper,HeroCamper Hero Skybox Galileo,hartschale,211,138,34,63.0,https://herocamper.com/collections/hero-skybox,series
horntools,horntools Elements II Midnight Stone 140,softshell,235,140,39,67.0,https://www.horntools.com/products/dachzelt-elements-gen-ll-2-personen-140-midnight-stone,high
horntools,horntools Elements II Midnight Stone 165,softshell,235,165,39,71.0,https://www.horntools.com/products/dachzelt-elements-gen-ll-3-personen-165-midnight-stone,high
horntools,horntools Elements II Midnight Stone 220,softshell,235,220,39,91.0,https://www.horntools.com/products/dachzelt-elements-gen-ll-4-personen-220-midnight-stone,high
horntools,horntools Elements II Ocean 140,softshell,235,140,39,67.0,https://www.horntools.com/products/dachzelt-elements-ll-2-personen-140-ocean,high
horntools,horntools Elements II Ocean 165,softshell,235,165,39,71.0,https://www.horntools.com/products/dachzelt-elements-ll-3-personen-165-ocean,high
horntools,horntools Elements II Ocean 220,softshell,235,220,39,91.0,https://www.horntools.com/products/dachzelt-elements-ll-4-personen-220-ocean,high
horntools,horntools Themis Gen. 2 140,hartschale,206,136,30,70.0,https://www.horntools.com/products/dachzelt-hartschale-themis-2-personen-140,high
horntools,horntools Themis Gen. 2 165,hartschale,206,160,30,85.0,https://www.horntools.com/products/dachzelt-hartschale-themis-3-personen-165,high
horntools,horntools Track 130,softshell,210,125,25,46.0,https://www.horntools.com/products/dachzelt-track-2-personen-130,high
horntools,horntools Track 155,softshell,210,150,25,64.0,https://www.horntools.com/products/dachzelt-track-3-personen-155-cm,high
horntools,horntools Triangle Cloud 140,softshell,211,140,12,60.0,https://www.horntools.com/products/triangle-dachzelt-cloud-2-personen-140,high
HRBIVACAR,"HRBIVACAR HRB 1,5 Book",hybrid,215,140,31,88.0,https://hrbivacar.com/shop/tendas-tejadilho/tenda-tejadilho-hrb-book-cinza/,series
HRBIVACAR,HRBIVACAR HRB 1.9 Family,hybrid,215,180,31,98.0,https://hrbivacar.com/shop/tendas-tejadilho/tenda-tejadilho-hrb-family-1-9-4pax-cinza/,series
iKamper,iKamper BDV Duo,hartschale,213,135,17,67.0,https://ikamper.com/products/bdv-duo,high
iKamper,iKamper BDV Solo,hartschale,213,96,17,58.0,https://ikamper.com/products/bdv-blue-dot-voyager-solo,high
iKamper,iKamper Skycamp 2.0 Rocky Edition,hybrid,210,190,34,72.0,https://ikamper.com/collections/skycamp-2-0-and-accessories,series
iKamper,iKamper Skycamp 3.0,hybrid,210,196,34,74.0,https://ikamper.com/products/skycamp-3-0,high
iKamper,iKamper Skycamp 3.0 Mini,hybrid,210,130,34,58.0,https://ikamper.com/products/skycamp-3-0-mini,high
iKamper,iKamper Skycamp 3.0 Mini Rocky Edition,hybrid,210,130,34,58.0,https://ikamper.com/products/skycamp-3-0-mini,series
iKamper,iKamper Skycamp 3.0 Rocky Edition,hybrid,210,196,34,74.0,https://ikamper.com/products/skycamp-3-0,series
iKamper,iKamper X-Cover 3.0,hartschale,210,196,28,58.0,https://ikamper.com/products/x-cover,high
Intrepid,Intrepid Geo Pro 2.5 Dachzelt,hartschale,220,135,18,72.0,https://intrepidcampgear.com/products/geo-pro-rooftop-tent,high
Intrepid,Intrepid Geo Pro 3.0 Dachzelt,hartschale,220,155,18,85.0,https://intrepidcampgear.com/products/geo-3-0,high
Intrepid,Intrepid Geo Solo Dachzelt,hartschale,220,80,18,55.0,https://campanions.de/INTREPID-GEO-Solo-Rooftop-Tent,dealer
James Baroud,James Baroud Discovery M,hartschale,198,140,34,65.0,https://jamesbaroud.com/de/dachzelte/discovery/,series
James Baroud,James Baroud Discovery XL,hartschale,224,160,34,80.0,https://jamesbaroud.com/de/dachzelte/discovery/,series
James Baroud,James Baroud Evasion M,hartschale,198,140,34,68.0,https://jamesbaroud.com/de/dachzelte/evasion/,series
James Baroud,James Baroud Evasion Proline M,hartschale,198,140,34,76.0,https://jamesbaroud.com/de/dachzelte/evasion-proline/,series
James Baroud,James Baroud Evasion Proline M schwarzgrau,hartschale,198,140,34,76.0,https://jamesbaroud.com/de/dachzelte/evasion-proline/,series
James Baroud,James Baroud Evasion S,hartschale,198,130,34,66.0,https://jamesbaroud.com/de/dachzelte/evasion/,series
James Baroud,James Baroud Evasion XL,hartschale,224,160,34,79.0,https://jamesbaroud.com/de/dachzelte/evasion/,series
James Baroud,James Baroud Grand Raid M,hartschale,198,140,34,71.0,https://jamesbaroud.com/de/dachzelte/grand-raid/,series
James Baroud,James Baroud Grand Raid X,hartschale,198,160,34,75.0,https://jamesbaroud.com/de/dachzelte/grand-raid/,series
James Baroud,James Baroud Grand Raid XL,hartschale,224,160,34,80.0,https://jamesbaroud.com/de/dachzelte/grand-raid/,series
James Baroud,James Baroud Space M,hartschale,198,140,34,69.0,https://jamesbaroud.com/de/dachzelte/space/,series
James Baroud,James Baroud Space S,hartschale,198,130,34,63.0,https://jamesbaroud.com/de/dachzelte/space/,series
James Baroud,James Baroud Space XL,hartschale,224,160,34,80.0,https://jamesbaroud.com/de/dachzelte/space/,series
James Baroud,James Baroud Vision 150,softshell,220,150,34,52.0,https://jamesbaroud.com/de/dachzelte/vision/,series
James Baroud,James Baroud Vision 180,softshell,220,180,34,62.0,https://jamesbaroud.com/de/dachzelte/vision/,series
Juskys,Juskys Lago 120,softshell,210,120,28,43.0,https://juskys.de/products/autodachzelt-lago,series
Juskys,Juskys Lago 140,softshell,210,140,28,57.0,https://juskys.de/products/autodachzelt-lago,series
KAILOP,KAILOP KP19PRO,hartschale,210,130,13,75.0,https://kailop.com/products/kp19pro-rear-opening-aluminum-hard-shell-roof-tent,high
KAILOP,KAILOP ST09PRO,hybrid,210,150,28,80.0,https://kailop.fr/en/products/kailop-st09pro-tente-de-toit-rigide,high
KingCamp,KingCamp Boundless,hartschale,206,124,17,76.0,https://kingcamp.de/en/products/auto-dachzelt-boundless-2-personen-hartschale-dach-zelt-automatik-box,high
KingCamp,KingCamp Northway,hartschale,206,124,17,65.0,https://kingcamp.de/en/products/auto-dachzelt-northway-2-personen-hartschale-dach-zelt-automatik-box,high
Koala Creek,Koala Creek Eiger 160K,softshell,240,160,30,65.0,https://koalacreek.info/producten/eiger-160-grijs/,series
Koala Creek,Koala Creek Outback 140 V2,hartschale,217,140,15,75.0,https://koalacreek.info/producten/outback-140/,series
Koala Creek,Koala Creek Roadtrip 130,hartschale,217,130,15,69.0,https://koalacreek.info/producten/roadtrip-130/,high
Koala Creek,Koala Creek Teide 140L,softshell,240,140,30,58.0,https://koalacreek.info/producten/teide-140-groen/,series
Koala Creek,Koala Creek Teide 140L-V2,softshell,240,140,35,58.0,https://koalacreek.info/producten/teide-140-groen/,series
Koala Creek,Koala Creek Teide 160L-V2,softshell,240,160,30,68.0,https://koalacreek.info/producten/teide-160-grijs/,series
Koala Creek,Koala Creek Teide 160L-V2 Overlander,softshell,240,160,37,68.0,https://koalacreek.info/producten/teide-160-overlander-grijs/,series
Koala Creek,Koala Creek Teide 190L-V2,softshell,240,190,37,80.0,https://koalacreek.info/producten/teide-190/,series
Longroad Campers,Longroad Campers Voyager 120,softshell,235,120,27,45.0,https://www.freizeitwelt.de/Dachzelte/longroad-dachzelt-voyager,dealer
Longroad Campers,Longroad Campers Voyager 140,softshell,235,140,27,50.0,https://www.freizeitwelt.de/Dachzelte/longroad-dachzelt-voyager,dealer
Longroad Campers,Longroad Campers Voyager X-Large 120,softshell,275,120,27,46.0,https://www.freizeitwelt.de/Dachzelte/longroad-dachzelt-voyager-x-large,dealer
Longroad Campers,Longroad Campers Voyager X-Large 140,softshell,275,140,27,53.0,https://www.freizeitwelt.de/Dachzelte/longroad-dachzelt-voyager-x-large,dealer
Moby Mountain,Moby Mountain Peak XL,hybrid,220,157,26,62.0,https://mobymountain.com/en/product-2/peak-xl-3-persons-rooftop-tent/,high
Moby Mountain,Moby Mountain Peak XXL,hybrid,220,197,26,75.0,https://mobymountain.com/en/product/peak-xxl-4-persons-rooftop-tent/,high
Moby Mountain,Moby Mountain Swell M,hartschale,195,115,12,59.0,https://mobymountain.com/en/product-2/swell,high
Monstershop,Monstershop 2-3 Personen,hartschale,211,129,32,67.0,https://www.monsterhandel.de/products/auto-dachzelt-grau,high
Monstershop,Monstershop Braun 2-3 Personen,hartschale,211,129,32,67.0,https://www.monsterhandel.de/products/auto-dachzelt-braun,high
Monstershop,Monstershop Tarnfarbenes 2-3 Personen,hartschale,211,129,32,67.0,https://www.monsterhandel.de/products/auto-dachzelt-camouflage,high
NaitUP,NaitUP Duö,hartschale,210,120,28,55.0,https://naitup.com/en/duo-roof-top-tent/,high
NaitUP,NaitUP Family,hybrid,220,170,28,75.0,https://naitup.com/en/family-roof-top-tent/,high
NaitUP,NaitUP Quatro,hybrid,220,170,28,75.0,https://naitup.com/en/quatro-roof-top-tent/,high
NaitUP,Naitup Triup,hybrid,220,140,28,63.0,https://naitup.com/en/triup-roof-top-tent/,high
Nakatanenga,Nakatanenga Roof Lodge Evolution 2 140,softshell,240,140,40,55.0,https://www.nakatanenga.de/roof-lodge-evolution-2-dachzelt-basic-mit-und-ohne-vorzelt/RLEVO2-140B-COY-SM,series
Nakatanenga,Nakatanenga Roof Lodge Evolution 2 165,softshell,240,165,40,62.0,https://www.nakatanenga.de/roof-lodge-evolution-2-dachzelt-basic-mit-und-ohne-vorzelt/RLEVO2-140B-COY-SM,series
Nakatanenga,Nakatanenga Roof Lodge Evolution 2 Extended mit Bodenzelt 140,softshell,240,140,40,58.0,https://www.nakatanenga.de/roof-lodge-evolution-2-dachzelt-extended-mit-bodenzelt/RLEVO2-140E-BLU-SM,series
Nakatanenga,Nakatanenga Roof Lodge Evolution 2 Extended mit Bodenzelt 165,softshell,240,165,40,66.0,https://www.nakatanenga.de/roof-lodge-evolution-2-dachzelt-extended-mit-bodenzelt/RLEVO2-140E-BLU-SM,series
Natur Camper,Natur Camper Fold 140,softshell,240,140,30,50.0,https://naturcamper.es/product/tiendas-de-techo/tienda-de-techo-naturcamper-fold140-240x140-cm/,high
Naturbummler,Naturbummler Alu-Kraftkiste 2.0 L,hartschale,206,116,18,74.0,https://naturbummler.de/products/alu-kraftkiste-2,series
Naturbummler,Naturbummler Alu-Kraftkiste 2.0 XL,hartschale,206,136,18,84.0,https://naturbummler.de/products/alu-kraftkiste-2,series
Naturbummler,Naturbummler Alu-Light XL,hartschale,203,137,19,70.0,https://naturbummler.de/products/alu-light-2-0,high
Naturbummler,Naturbummler Alu-Loft XL,hartschale,210,140,29,60.0,https://naturbummler.de/products/alu-loft,series
Naturbummler,Naturbummler Alu-Loft XXL,hartschale,210,180,29,71.0,https://naturbummler.de/products/alu-loft,series
Naturbummler,Naturbummler Family Loft,softshell,230,200,30,74.0,https://naturbummler.de/products/family-loft,high
Naturbummler,Naturbummler Flitzer I L (2025),hartschale,210,126,32,60.0,https://naturbummler.de/products/naturbummler-flitzer-i-dachzelt,high
Naturbummler,Naturbummler Flitzer I XL (2025),hartschale,220,140,32,70.0,https://naturbummler.de/products/naturbummler-flitzer-i-xl-dachzelt,high
Naturbummler,Naturbummler Flitzer I XS (2025),hartschale,195,80,32,46.0,https://naturbummler.de/products/flitzer-i-xs,high
Naturbummler,Naturbummler Loft-Light L,softshell,230,130,32,45.0,https://naturbummler.de/products/loft-light,series
Naturbummler,Naturbummler Loft-Light XL,softshell,230,160,32,48.0,https://naturbummler.de/products/loft-light,series
Nordling,Nordling CaseTop L,hybrid,200,150,25,61.0,https://nordling.de/products/nordling%C2%AE-outdoor-venture-casetop-l,high
Nordling,Nordling CaseTop XL,hybrid,204,190,28,72.0,https://nordling.de/products/nordling%C2%AE-outdoor-casetop-xl,high
Nordling,Nordling EasyTop,softshell,209,127,24,45.0,https://nordling.de/products/nordling%C2%AE-outdoor-venture-easytop,high
Nordling,Nordling FamilyTop,softshell,238,195,35,66.0,https://nordling.de/products/nordling%C2%AE-outdoor-venture-familytop-kaufen,high
Nordling,Nordling Outdoor-TriAngle,hartschale,202,134,18,72.0,https://nordling.de/products/nordling%C2%AE-outdoor-venture-triangel-kaufen,high
Nordling,Nordling TravelTop,softshell,238,156,30,59.0,https://nordling.de/products/nordling%C2%AE-outdoor-traveltop,high
Obelink,Obelink Skyfold 140 Short,softshell,240,140,29,49.0,https://www.obelink.de/obelink-skyfold-140-short-dachzelt-682793.html,high
Obelink,Obelink Skyfold 160,softshell,240,160,27,60.0,https://www.obelink.de/obelink-skyfold-160-dachzelt.html,high
Obelink,Obelink Skyfold 190,softshell,240,190,31,72.0,https://www.obelink.de/obelink-skyfold-190-dachzelt-715929.html,high
Ocean-Cross,Ocean Cross Atacama,hartschale,205,130,20,74.0,https://ocean-cross.de/produkt/atacama-aluminium-autodachzelt/,high
Ocean-Cross,Ocean Cross Karoo 190,hybrid,200,166,21,75.0,https://ocean-cross.de/produkt/karoo-190-hybrid-autodachzelt/,high
Ocean-Cross,Ocean Cross Outback ABS,hartschale,205,120,32,70.0,https://ocean-cross.de/produkt/autodachzelt-outback-abs/,high
Ocean-Cross,Ocean Cross Sonara 145,hartschale,205,139,19,75.0,https://ocean-cross.de/produkt/sonora-145-aluminium-dachzelt/,high
Ocean-Cross,Ocean Cross Sonora 130,hartschale,205,125,18,65.0,https://ocean-cross.de/produkt/sonora-130-aluminium-autodachzelt/,high
Ocean-Cross,Ocean-Cross Gobi 140,softshell,240,140,40,58.0,https://ocean-cross.de/produkt/autodachzelt-gobi-140/,high
Ocean-Cross,Ocean-Cross Gobi 160,softshell,240,160,40,63.0,https://ocean-cross.de/produkt/autodachzelt-gobi-160/,high
Ocean-Cross,Ocean-Cross Gobi Family 180,softshell,240,180,40,76.0,https://ocean-cross.de/produkt/dachzelte-gobi-180/,high
Ocean-Cross,Ocean-Cross Gobi Family 220,softshell,240,220,40,91.0,https://ocean-cross.de/produkt/dachzelte-gobi-220/,high
Ocean-Cross,Ocean-Cross Sahara,softshell,240,140,40,53.0,https://ocean-cross.de/produkt/dachzelt-sahara/,high
Ocean-Cross,Ocean-Cross Sahara Slimeline,softshell,200,140,25,60.0,https://ocean-cross.de/produkt/autodachzelt-sahara-slimline/,high
Offland,Offland Tama XL,hartschale,200,132,20,84.0,https://www.rodin-adventures.com/product-page/offlander-tahats-xl-aluminium-dreieck-dachzelt,dealer
Offland,Offland Tomahawk,hartschale,200,132,20,84.0,https://offlander.pl/product/offlander-namiot-dachowy-triangle-tomahak-xl/,high
Offroad Manni,Offroad Manni Alu Hartschalendachzelt 135,hartschale,200,135,16,67.0,https://www.offroadmanni.eu/dachzelt/dachzelt-alu-hartschale-135,high
Offroad Manni,Offroad Manni Dachzelt 140,softshell,240,140,29,51.0,https://www.offroadmanni.eu/dachzelt/klappdachzelt-140,high
Offroad Manni,Offroad Manni Dachzelt 180,softshell,240,180,29,63.0,https://www.offroadmanni.eu/dachzelt/klappdachzelt-180,high
Offroad Manni,Offroad Manni Dachzelt Hartschale 125,hartschale,200,125,16,64.0,https://www.offroadmanni.eu/Dachzelt-Hartschale-125-jetzt-zum-Sonderpreis-bestellen,high
OLC,OLC 130 Ultra Light,softshell,206,122,12,35.0,https://www.olc-adventure.de/shop/product/olc130-ultra-light/,high
OLC,OLC 145 Ultra Light,softshell,206,138,12,38.0,https://www.olc-adventure.de/shop/product/olc130-ultra-light/,series
OLC,OLC Adventure 180Alu Hybrid,hybrid,205,170,25,78.0,https://www.olc-adventure.de/shop/product/olc180alu-hybrid/,high
OLC,OLC Adventure OLC150Alu Hybrid,hybrid,205,140,28,79.0,https://www.olc-adventure.de/shop/product/olc150alu-hybrid/,high
OLC,OLC140ALU 2.0 (2025),hartschale,210,136,19,69.0,https://olc-adventure.de/dachzelte/olc140alu-1,high
Oryx,Oryx Solutions Classic 140,softshell,220,135,28,50.0,https://www.oryxsolutions.de/dachzelte-markisen/dachzelte/1844/dachzelt-oryx-classic-grau-240x140x130cm,series
Oryx,Oryx Solutions Elephant,hartschale,205,132,17,66.0,https://www.oryxsolutions.de/dachzelte-markisen/dachzelte/2862/oryx-aluminium-hartschalen-dachzelt-elephant,high
Oryx,Oryx Solutions Family,softshell,220,180,29,62.0,https://www.oryxsolutions.de/dachzelte-markisen/dachzelte/,series
Oryx,Oryx Solutions Overland,softshell,220,135,28,58.0,https://www.oryxsolutions.de/dachzelte-markisen/dachzelte/,series
Outback Home,Outback Home Flatland Gen2 Dachzelt Hartschale 136,hartschale,206,136,15,91.0,https://outback-home.com/Dachzelte/,series
Outback Home,Outback Home Freedom 140,softshell,230,130,30,55.0,https://outback-home.com/Dachzelte/,series
Outback Home,Outback Home Freedom 180,softshell,230,170,30,70.0,https://outback-home.com/Dachzelte/,series
OutdoorU,OutdoorU Compact,softshell,210,130,22,42.0,https://outdooru.de/products/compact-1,high
OutdoorU,OutdoorU Expedition 190,softshell,238,186,26,70.0,https://outdooru.de/products/expedition,series
OutdoorU,OutdoorU Expedition-140,softshell,238,136,26,53.0,https://outdooru.de/products/expedition,series
OutdoorU,OutdoorU Expedition-160,softshell,238,156,26,61.0,https://outdooru.de/products/expedition,series
OutdoorU,OutdoorU Family 140 inkl. Vorzelt,softshell,238,136,28,63.0,https://outdooru.de/products/family-plus,series
OutdoorU,OutdoorU Family 160 inkl. Vorzelt,softshell,238,156,28,68.0,https://outdooru.de/products/family-plus,series
OutdoorU,OutdoorU Family 190 inkl. Vorzelt,softshell,238,185,28,75.0,https://outdooru.de/products/family-plus,series
OutdoorU,OutdoorU Family Plus 140,softshell,238,136,28,63.0,https://outdooru.de/products/family-plus,series
OutdoorU,OutdoorU Family Plus 160 inkl. Vorzelt + Mesh,softshell,238,156,28,66.0,https://outdooru.de/products/family-plus-flex-25,high
OutdoorU,OutdoorU Family Plus 190,softshell,238,186,28,75.0,https://outdooru.de/products/family-plus,series
OutdoorU,OutdoorU Relax,hartschale,210,140,18,69.0,https://outdooru.de/products/relax,high
OutdoorU,OutdoorU Sky,softshell,203,138,23,57.0,https://outdooru.de/products/sky-dachzelt,high
Overland Experience,Overland Experience One,hartschale,210,142,18,70.0,https://overlandingshop.de/products/dachzelt-overland-experience-one,high
Owen,Owen AluMaster,hartschale,200,120,20,85.0,https://www.hello-owen.de/owenr-alumaster-hardtop-dachzelt-olive-black.html,series
Owen,Owen Four Plus,softshell,240,193,30,83.0,https://www.hello-owen.de/owen-3-5-dachzelt-schwarz.html,high
Owen,Owen Two,softshell,240,143,28,56.0,https://www.hello-owen.de/owen-two-dachzelt.html,high
Owen,Owen Two Plus,softshell,240,143,25,57.0,https://www.hello-owen.de/owen-two-plus-dachzelt.html,high
Oztent,Oztent Apex RT-C-1400 Hartschalendachzelt,hartschale,210,140,21,97.0,https://www.oztent.com.au/products/apex-rt-c-1400-roof-top-tent,high
Oztent,Oztent Apex RT-P-1600 Hartschalendachzelt,hartschale,210,150,27,108.0,https://www.oztent.com.au/products/apex-rt-p-1600-roof-top-tent,high
Play.Do!,Play.Do! Osprey,softshell,200,150,42,36.0,https://www.playdotent.com/products/inflatable-rooftop-tents-osprey,high
Play.Do!,Play.Do! Shell Castle,softshell,200,135,32,30.0,https://www.playdotent.de/Play.Do-Dachzelt-Shell-Castle-aufblasbares-Dachzelt/PD0002,high
Play.Do!,Play.Do! Shell Fish Island,softshell,200,150,45,36.0,https://www.playdotent.de/Play.Do-Dachzelt-Fish-Island-aufblasbares-Dachzelt/PD0003,high
Play.Do!,Play.Do! Shell Skiff,softshell,200,135,32,30.0,https://www.playdotent.de/Produkte/aufblasbare-Dachzelte/Shell-Serie/,series
Play.Do!,Play.Do! Shell Wing,softshell,200,135,32,28.0,https://www.playdotent.de/Play.Do-Dachzelt-Shell-Wing-aufblasbares-Dachzelt/PD0001,high
Play.Do!,Play.Do! Starry Sky,softshell,200,150,38,36.0,https://www.playdotent.de/Play.Do-Dachzelt-Starry-Sky-aufblasbares-Dachzelt/PD0004,high
Play.Do!,Play.Do! Starry Sky 2,softshell,200,150,45,36.0,https://www.playdotent.de/Play.Do-Dachzelt-Starry-Sky-2-aufblasbares-Dachzelt/PD0005,high
Prime Tech,Prime Tech Delta,hartschale,210,135,24,49.0,https://prime-tech.de/Autodachzelte/Hartschalen/Base-Line/Delta,high
Prime Tech,Prime Tech Delta PRO,hartschale,205,135,24,51.0,https://prime-tech.de/Autodachzelte/Hartschalen/Pro-Line/Delta-Pro-inkl.-3D-Mesh,high
Prime Tech,Prime Tech Extended L,softshell,240,135,28,51.0,https://prime-tech.de/Autodachzelte/Softshell/Extended-L-und-XL,series
Prime Tech,Prime Tech Extended L Pro,softshell,240,135,28,51.0,https://prime-tech.de/Autodachzelte/Softshell/Extended-Pro-L-und-XL-inkl.-3D-Mesh,series
Prime Tech,Prime Tech Extended XL,softshell,240,175,28,65.0,https://prime-tech.de/Autodachzelte/Softshell/Extended-L-und-XL,series
Prime Tech,Prime Tech Extended XL Pro,softshell,240,175,28,66.0,https://prime-tech.de/Autodachzelte/Softshell/Extended-Pro-L-und-XL-inkl.-3D-Mesh,series
Prime Tech,Prime Tech Gamma L,hartschale,190,120,16,58.0,https://prime-tech.de/Autodachzelte/Hartschalen/Base-Line/Gamma-L,high
Prime Tech,Prime Tech Gamma XL,hartschale,210,140,16,62.0,https://prime-tech.de/Autodachzelte/Hartschalen/Base-Line/Gamma-XL,high
Prime Tech,Prime Tech Nevada,hartschale,210,135,24,56.0,https://prime-tech.de/Autodachzelte/Hartschalen/Base-Line/Nevada,high
Prime Tech,Prime Tech Nevada Pro,hartschale,210,135,24,47.0,https://prime-tech.de/Autodachzelte/Hartschalen/Pro-Line/Nevada-Pro-inkl.-3D-Mesh,high
Prime Tech,Prime Tech Utah 125,hartschale,190,120,22,64.0,https://prime-tech.de/Autodachzelte/Hartschalen/Base-Line/Utah,series
Prime Tech,Prime Tech Utah 148,hartschale,208,138,22,64.0,https://prime-tech.de/Autodachzelte/Hartschalen/Base-Line/Utah,series
Prime Tech,Prime Tech Wasteland L,softshell,220,135,28,50.0,https://prime-tech.de/Autodachzelte/Softshell/Wasteland-L-und-XL,series
Prime Tech,Prime Tech Wasteland L Pro,softshell,240,135,28,50.0,https://prime-tech.de/Autodachzelte/Softshell/Wasteland-Pro-L-und-XL-inkl.-3D-Mesh,series
Prime Tech,Prime Tech Wasteland XL,softshell,220,175,28,65.0,https://prime-tech.de/Autodachzelte/Softshell/Wasteland-L-und-XL,series
Prime Tech,Prime Tech Wasteland XL Pro,softshell,240,175,28,65.0,https://prime-tech.de/Autodachzelte/Softshell/Wasteland-Pro-L-und-XL-inkl.-3D-Mesh,series
punii,punii Moenga L,softshell,240,190,28,75.0,https://punii.de/products/moenga-l,high
punii,punii Moenga M,softshell,240,160,28,69.0,https://punii.de/products/moenga-m-3-personen-dachzelt,high
punii,punii Moenga S,softshell,240,140,28,63.0,https://punii.de/products/moenga-s-2-personen-dachzelt,high
punii,punii Moenga XL,softshell,240,220,28,93.0,https://punii.de/products/moenga-xl,high
punii,punii koru S,softshell,240,140,28,57.0,https://punii.de/products/koru-s,high
punii,punii toa-S,hartschale,206,135,30,75.0,https://punii.de/products/toa-s,high
qeedo,qeedo Freedom AIR – 2,softshell,210,140,38,57.0,https://www.qeedo.de/products/freedom-air,high
qeedo,qeedo Freedom Compact 1+,softshell,210,110,33,45.0,https://www.qeedo.de/dachzelt/p/freedom-compact,high
qeedo,qeedo Freedom Compact 2,softshell,230,140,33,45.0,https://www.qeedo.de/products/freedom-compact-2,high
qeedo,qeedo Freedom Compact – 3,softshell,230,160,33,48.0,https://www.qeedo.de/products/freedom-compact-3,high
qeedo,qeedo Freedom Family 4,softshell,250,200,39,77.0,https://www.qeedo.de/products/freedom-family,high
qeedo,qeedo Freedom Hybrid 2,hartschale,210,125,29,60.0,https://www.qeedo.de/products/freedom-hybrid-2,high
qeedo,qeedo Freedom Hybrid 2+,hartschale,210,150,29,67.0,https://www.qeedo.de/products/freedom-hybrid-2-plus,high
qeedo,qeedo Freedom Hybrid 3+,hartschale,210,180,29,71.0,https://www.qeedo.de/products/freedom-hybrid-3,high
qeedo,qeedo Freedom Slim 2,hartschale,210,140,18,68.0,https://www.qeedo.de/products/freedom-slim-2,high
Quick Pitch,Quick Pitch Aero,hartschale,205,112,17,57.0,https://www.rodin-adventures.com/product-page/quick-pitch-aero-leichtgewichtiges-superdichtes-alu-dachzelt,dealer
Reimo,Reimo Bendigo Air,softshell,220,140,43,51.0,https://www.reimo.com/us/camping-accessories/awnings-for-caravans-motorhomes-campervans/car-roof-tent-roof-rack-tent-roof-box-tent-car-top-tent/73756/bendigo-air-air-roof-tent,high
Reimo,Reimo Victoria 2,softshell,200,115,25,50.0,https://www.reimo.com/camping-shop/vorzelt-sonnensegel/autodachzelt/75498/dachzelt-victoria-2.0,high
Reimo,Reimo Wallaby 2,softshell,230,135,30,51.0,https://www.reimo.com/us/camping-accessories/awnings-for-caravans-motorhomes-campervans/car-roof-tent-roof-rack-tent-roof-box-tent-car-top-tent/67709/roof-tent-wallaby-2,high
Rhino Rack,Rhino Rack Hybriddachzelt Dachzelt,hybrid,210,130,38,63.0,https://www.rhinorack.com/en-us/products/roof-trays/roof-top-tents/roof-top-tents/hardshell-roof-top-tent_61002,high
Rhino Rack,Rhino Rack Soft Shell,softshell,205,130,21,45.0,https://www.rhinorack.com/en-us/products/roof-trays/roof-top-tents/roof-top-tents/soft-shell-roof-top-tent_61026,high
Rodin,Rodin Adventure/ Prime Tech Rodin Basic (Idun),hartschale,250,200,30,75.0,https://primetech-dachzelte.de/dachzelte/hartschalen-dachzelte/13550/autodachzelt-rodin-basic-silber,series
Rodin,Rodin Adventure/ Prime Tech Rodin Pro (Idun),hartschale,250,200,30,77.0,https://www.rodin-adventures.com/product-page/Idun-Alu-Familien-Zelt,high
Rodin,Rodin Adventures ALF 150,hybrid,208,148,31,71.0,https://www.rodin-adventures.com/product-page/rodin-adventures-alf2025-hybrid-hartschale-mit-alu-deckel,series
Rodin,Rodin Adventures ALF 190,hybrid,218,188,32,87.0,https://www.rodin-adventures.com/product-page/rodin-adventures-alf2025-hybrid-hartschale-mit-alu-deckel,series
Rodin,Rodin Adventures Lift S (150),hybrid,195,142,35,71.0,https://www.rodin-adventures.com/product-page/rodin-adventures-lift-hybrid-hartschalendachzelt,series
Rodin,Rodin Adventures Lift XL (200),hybrid,210,180,36,87.0,https://www.rodin-adventures.com/product-page/rodin-adventures-lift-hybrid-hartschalendachzelt,series
ROOF SPACE,ROOF SPACE 2,hartschale,250,150,24,67.0,https://roofspace.de/products/roof-space-2,high
ROOF SPACE,ROOF SPACE 4,hartschale,250,215,24,89.0,https://roofspace.de/products/roof-space-4,high
Sheepie,Sheepie Bookara 2.0 Large,hartschale,200,140,18,65.0,https://sheepie.com/products/sheepie-bookara/,series
Sheepie,Sheepie Bookara 2.0 Medium,hartschale,200,120,18,55.0,https://sheepie.com/products/sheepie-bookara/,series
Sheepie,Sheepie Jimba Jimba 2.0 Medium,softshell,200,120,26,39.0,https://sheepie.com/products/sheepie-jimba-jimba/,series
Sheepie,Sheepie Jimba Jimba 3.0 Large,softshell,200,140,26,41.0,https://sheepie.com/products/sheepie-jimba-jimba/,series
Sheepie,Sheepie Yuna 140 2.0,softshell,245,140,38,58.0,https://sheepie.com/products/sheepie-yuna/,series
Sheepie,Sheepie Yuna 160 2.0,softshell,245,160,38,63.0,https://sheepie.com/products/sheepie-yuna/,series
Sheepie,Sheepie Yuna Family 2.0,softshell,245,200,38,77.0,https://sheepie.com/products/sheepie-yuna/,series
Sheepie,Sheepie Yuna Mini,softshell,210,110,37,50.0,https://www.obelink.de/sheepie-yuna-mini-dachzelt.html,dealer
Skandika,Skandika Freeland 3,softshell,240,160,29,66.0,https://skandika.com/produkt/dachzelt-freeland-l/,high
Skandika,Skandika Freeland 4,softshell,240,190,29,75.0,https://skandika.com/produkt/dachzelt-freeland-xl/,high
Skandika,Skandika Wildland 2,hartschale,200,120,28,73.0,https://skandika.com/en/outdoor/roof-tent-wildland-2-green-black,high
Smittybilt,Smittybilt Overlander,softshell,233,140,28,53.0,https://www.smittybilt.com/shop/overland-lifestyle/tents-awnings/gen2-overlander-standard-tent-gray-2583/,high
Smittybilt,Smittybilt Overlander XL,softshell,235,190,28,67.0,https://www.smittybilt.com/shop/overland-lifestyle/tents-awnings/gen2-overlander-xl-tent-gray-2683/,high
SNUGCAMP,SNUGCAMP 190 Family,softshell,240,190,30,75.0,https://dachcamper.de/dachzelt-sc-190-family.html,high
Stig Jutland,Stig Jutland Fold 140,softshell,240,140,38,65.0,https://www.stigjutland.com/shop/dachzelt-fold-140-arctic-grey/,high
Stig Jutland,Stig Jutland Fold 160,softshell,240,160,38,69.0,https://www.stigjutland.com/shop/dachzelt-fold-160-arctic-grey/,high
Tagle Outdoor,Tagle Outdoor Hossegor,hartschale,220,130,36,84.0,https://www.tagleoutdoor.com/tiendas-de-techo/hossegor,high
Tagle Outdoor,Tagle Outdoor Somo Lite,softshell,215,125,32,59.0,https://www.tagleoutdoor.com/tiendas-de-techo/somo-lite,high
TEDS,TEDS TEDPop,hartschale,220,215,36,89.0,https://shop.campwerk.de/tedpop-2fach-aufklappbares-hybrid-dachzelt_1,dealer
Tentbox,Tentbox Cargo 2.0,hartschale,210,120,19,72.0,https://tentbox.com/products/tentbox-cargo,high
Tentbox,Tentbox Classic 2.0,hartschale,210,120,35,67.0,https://tentbox.com/products/tentbox-classic,high
Tentbox,Tentbox Go,softshell,220,114,45,33.0,https://tentbox.com/products/tentbox-go,high
Tentbox,Tentbox Lite 2.0 2025,softshell,220,130,25,50.0,https://tentbox.com/products/tentbox-lite-2025,high
Tentbox,Tentbox Lite 2026,softshell,220,130,25,50.0,https://tentbox.com/products/tentbox-lite,high
Tentbox,Tentbox Lite XL 2025,softshell,240,180,25,62.0,https://tentbox.com/products/tentbox-lite-xl-2025,high
Tentbox,Tentbox Lite XL 2026,softshell,240,180,25,62.0,https://tentbox.com/products/tentbox-lite-xl,high
Tentco,Tentco Dachzelt 120,softshell,240,120,30,62.0,https://www.tour-tec.de/dachzelte-markisen/tentco/tentco-dachzelt-120-m.php,dealer
Tentco,Tentco Dachzelt 140,softshell,240,140,30,64.0,https://www.tour-tec.de/dachzelte-markisen/tentco/tentco-dachzelt-140-m.php,dealer
Tentco,Tentco Dachzelt 160,softshell,240,160,30,65.0,https://www.tour-tec.de/dachzelte-markisen/tentco/tentco-dachzelt-160-m.php,dealer
Tentco,Tentco Dachzelt Protent 140,softshell,240,135,30,63.0,https://www.tour-tec.de/dachzelte-markisen/tentco/tentco---dachzelt-140-m-protent.php,dealer
Tentco,Tentco Familiendachzelt,softshell,240,200,43,86.0,https://www.tour-tec.de/dachzelte-markisen/tentco/tentco---2m-familiendachzelt.php,dealer
Tenturi,Tenturi Light,softshell,210,120,35,42.0,https://tenturi.com/products/tenturilight,high
The Bush Company,The Bush Company Alpha AX27,hartschale,210,130,28,88.0,https://thebushcompany.com.au/en-us/products/ax27-clamshell-rooftop-tent,high
The Bush Company,The Bush Company Alu DX27,hartschale,215,130,28,94.0,https://thebushcompany.com.au/en-us/products/dx27-clamshell-rooftop-tent,high
The Bush Company,The Bush Company LX27 Light,hartschale,205,138,17,73.0,https://thebushcompany.com.au/en-us/products/lx27-gen-2-lightweight-rooftop-tent,high
The Bush Company,The Bush Company TX27,hartschale,213,128,35,123.0,https://thebushcompany.com.au/en-us/products/tx27-hardshell-rooftop-tent,high
Thule,Thule Approach 2 L,softshell,240,170,28,68.0,https://www.thule.com/de-de/rooftop-tents-and-accessories/rooftop-tents/thule-approach-2-l-_-901041,high
Thule,Thule Approach 2 M,softshell,240,130,28,58.0,https://www.thule.com/de-de/rooftop-tents-and-accessories/rooftop-tents/thule-approach-2-m-_-901040,high
Thule,Thule Approach L,softshell,240,170,28,68.0,https://www.thule.com/en-us/rooftop-tents-and-accessories/rooftop-tents/thule-approach-l-_-901016,high
Thule,Thule Approach M,softshell,240,130,28,58.0,https://www.thule.com/de-de/rooftop-tents-and-accessories/rooftop-tents/thule-approach-m-_-901014,high
Thule,Thule Approach S,softshell,209,110,28,50.0,https://www.thule.com/de-de/rooftop-tents-and-accessories/rooftop-tents/thule-approach-_-901031,high
Thule,Thule Tepui Autana 4,softshell,244,183,30,69.0,https://www.thule.com/de-de/rooftop-tents-and-accessories/rooftop-tents/thule-tepui-explorer-autana-4-_-901043,high
Thule,Thule Tepui Foothill 2,softshell,213,119,24,56.0,https://www.thule.com/de-de/rooftop-tents-and-accessories/rooftop-tents/thule-foothill-2-_-901042,high
Thule,Thule Tepui Kukenam 3,softshell,244,142,30,54.0,https://www.thule.com/de-de/rooftop-tents-and-accessories/rooftop-tents/thule-tepui-explorer-kukenam-_-901044,high
TJM,TJM Yulara,softshell,240,120,28,64.0,https://www.tjm.com.au/yulara-roof-top-tent-620rctrt02,high
TopCamp,TopCamp Dreieck Medium,hartschale,205,140,30,57.0,https://www.reimo.com/camping-shop/vorzelt-sonnensegel/autodachzelt/37740/topcamp-dachzelt-fuer-pkw-bus-und-van,series
TopCamp,TopCamp Dreieck Small,hartschale,205,125,30,52.0,https://www.reimo.com/camping-shop/vorzelt-sonnensegel/autodachzelt/37740/topcamp-dachzelt-fuer-pkw-bus-und-van,series
TopCamp,TopCamp Dreieck medium XL,hartschale,220,140,30,57.0,https://www.reimo.com/camping-shop/vorzelt-sonnensegel/autodachzelt/37740/topcamp-dachzelt-fuer-pkw-bus-und-van,series
TopCamp,TopCamp Dreieck small XL,hartschale,220,125,30,52.0,https://www.reimo.com/camping-shop/vorzelt-sonnensegel/autodachzelt/37740/topcamp-dachzelt-fuer-pkw-bus-und-van,series
TopCamp,TopCamp Viereck Large,hartschale,205,160,30,77.0,https://www.reimo.com/camping-shop/vorzelt-sonnensegel/autodachzelt/37740/topcamp-dachzelt-fuer-pkw-bus-und-van,series
Treeline,Treeline Ponderosa,softshell,241,180,38,77.0,https://treelineoutdoors.com/shop/ponderosa-3-4-person/,high
Treeline,Treeline Tamarack,softshell,241,140,38,65.0,https://treelineoutdoors.com/shop/tamarack-2-3-person/,high
TREKKER,TREKKER Cabin L,softshell,235,135,20,53.0,https://nordicprostore.com/products/trekker-rooftop-tent-cabin-l-black,series
TREKKER,TREKKER Camper M,softshell,235,135,20,48.0,https://nordicprostore.com/products/trekker-rooftop-tent-camper-m-grey,series
TREKKER,TREKKER Hut M,hartschale,205,125,28,68.0,https://nordicprostore.com/products/trekker-rooftop-tent-hut-m-black,series
TREKKER,Trekker Dachzelt Hut M,hartschale,205,125,28,68.0,https://nordicprostore.com/products/trekker-rooftop-tent-hut-m-black,dealer
TREKKER,Trekker Dachzelt Voyager M,hartschale,205,132,24,65.0,https://nordicprostore.com/products/trekker-rooftop-tent-voyager-m-black,dealer
Treqous,Treqous Aurora Plus,hartschale,200,133,16,70.0,https://shop.treqous.com/produkt/dachzelt-aurora-plus/,high
Treqous,Treqous Borealis,hartschale,203,124,32,65.0,https://shop.treqous.com/produkt/dachzelt-borealis/,high
Treqous,Treqous Ceres,hartschale,203,140,30,65.0,https://shop.treqous.com/produkt/dachzelt-ceres/,high
Treqous,Treqous Mizar,softshell,240,140,30,60.0,https://shop.treqous.com/produkt/dachzelt-mizar/,high
Treqous,Treqous Mizar Plus,softshell,240,162,40,60.0,https://shop.treqous.com/produkt/dachzelt-mizar-plus/,high
Treqous,Treqous Polaris,softshell,240,140,30,50.0,https://shop.treqous.com/produkt/dachzelt-polaris/,high
Tuff-Trek,TUFF-TREK UltraLight2,softshell,220,135,23,47.0,https://tuff-trek.com/products/tuff-trek-%C2%AE-ultralite2-soft-top-tent-1-3m,high
Tuff-Trek,Tuff-Trek Kalahari-X,hartschale,215,135,18,78.0,https://tuff-trek.com/products/tuff-trek-kalahari-x-roof-tent,high
Tuff-Trek,Tuff-Trek Overland Series MK3 Aluminium Hard Top,hartschale,220,140,19,84.0,https://tuff-trek.com/products/tufftrek-overland-mk3-rooftent,high
Tuff-Trek,Tuff-Trek Sahara-X,hybrid,218,152,30,83.0,https://tuff-trek.com/products/tuff-trek-sahara-roof-tent,high
Tuff-Trek,Tuff-Trek TT-02 140 Pro Ruggedized,softshell,240,140,30,69.0,https://tuff-trek.com/products/tuff-trek-%C2%AE-pro-ruggedised-1-4m-soft-top-tent-optional-annex-room,high
Tuff-Trek,Tuff-Trek TT-02 160 Pro Ruggedized,softshell,240,160,30,76.0,https://tuff-trek.com/products/tuff-trek-%C2%AE-pro-ruggedised-1-6m-soft-top-tent-optional-annex-room,high
Tuff-Trek,Tuff-Trek TT-02 180 Pro Ruggedized,softshell,240,180,30,78.0,https://tuff-trek.com/products/tuff-trek-%C2%AE-pro-ruggedised-1-8m-xl-soft-top-tent-optional-annex-room,high
Tuff-Trek,Tuff-Trek TT-02 Pro Ruggedized 220,softshell,240,220,30,78.0,https://tuff-trek.com/products/tuff-trek-%C2%AE-pro-ruggedised-xxl-2-2m-soft-top-tent-lower-annex,high
URZELT,URZELT Kleine Freiheit 160,softshell,240,163,30,64.0,https://shop.urzelt.com/urzelt-dachzelt-kleine-freiheit-160cm/ur-kf160,high
Vevor,Vevor Dreieckiger Typ LY-SJ6211,hartschale,215,125,20,70.0,https://www.vevor.de/bettzelte-c_13391/vevor-dachzelt-hartschale-2-3-personen-wasserdicht-jeep-suv-truck-leiter-272kg-p_010655606779,high
Vevor,Vevor Hartschalen Dachezlt SY09,hartschale,200,120,18,50.0,https://www.vevor.de/dachzelt-c_45137/vevor-autodachzelt-hartschalen-fuer-2-3-personen-campingzelt-aus-aluminium-mit-dreifarbiger-led-beleuchtung-2-fenstern-wasserfest-windicht-fuer-jeep-suv-pickup-212-x-132-x-95-cm-aufgeklappt--p_010908742271,high
Vevor,Vevor Hartschalen Dachzelt 250 x 225 x 144 SY07,hartschale,200,120,18,63.0,https://www.vevor.de/dachzelt-c_45137/vevor-autodachzelt-hartschalen-fuer-2-3-personen-autozelt-aus-aluminium-mit-dreifarbiger-led-beleuchtung-dicker-matratze-wassefest-windicht-fuer-jeep-suv-pickup-250-x-225-x-144-cm-aufgeklappt--p_010128679154,high
Vevor,Vevor Hartschalen Dachzelt 256 x 222 x 152 SY19,hartschale,200,120,18,69.0,https://www.vevor.de/dachzelt-c_45137/vevor-autodachzelt-hartschalen-fuer-2-3-personen-campingzelt-aus-aluminium-mit-dreifarbiger-led-beleuchtung-1-fenster-wasserfest-windicht-fuer-jeep-suv-pickup-256-x-222-x-152-cm-aufgeklappt--p_010798454537,high
Vevor,Vevor Hartschalen Dachzelt SY18,hartschale,200,120,18,66.0,https://www.vevor.de/dachzelt-c_45137/vevor-autodachzelt-hartschalen-fuer-2-3-personen-campingzelt-aus-aluminium-mit-dreifarbiger-led-beleuchtung-fenster-wasserfest-windicht-fuer-jeep-suv-pickup-2535-x-1320-x-1520-mm-aufgeklappt--p_010903045093,high
Vevor,Vevor Hartschalen Dachzelt SY20,hartschale,250,140,26,50.0,https://www.vevor.de/dachzelt-c_45137/vevor-autodachzelt-hartschalen-fuer-2-3-personen-faltbares-campingzelt-aus-aluminium-mit-dreifarbiger-led-beleuchtung-dicker-matratze-10-fenstern-wasserfest-windicht-fuer-jeep-suv-pickup-p_010594843233,high
Vevor,Vevor Integrierter Typ LY-YS6161,hartschale,215,125,29,66.0,https://www.vevor.de/bettzelte-c_13391/vevor-dachzelt-hartschale-2-3-personen-wasserdicht-fuer-jeep-suv-truck-leiter-p_010204663439,high
Vevor,Vevor Klappdachzelt gross LY-RD0619,softshell,250,170,26,67.0,https://www.vevor.de/bettzelte-c_13391/vevor-dachzelt-hartschale-2-3-personen-wasserdicht-jeep-suv-truck-wasserdicht-p_010426222119,high
Vevor,Vevor Klappdachzelt klein LY-RD0614,softshell,250,140,26,55.0,https://www.vevor.de/bettzelte-c_13391/vevor-dachzelt-hartschale-2-3-personen-wasserdicht-fuer-jeep-suv-truck-klappbar-p_010731057818,high
VICKYWOOD,VICKYWOOD BAOBAB AIR 135,softshell,220,130,25,42.0,https://shop.vickywood.com/Aufblasbares-Luft-Klappzelt-BAOBAB-AIR-135-grau,high
VICKYWOOD,VICKYWOOD BIG WILLOW 220 ECO Gen. 3,softshell,240,220,36,98.0,https://shop.vickywood.com/Klapp-Dachzelt-BIG-WILLOW-40,series
VICKYWOOD,VICKYWOOD BIG WILLOW Gen 4 180,softshell,240,180,32,76.0,https://shop.vickywood.com/Klapp-Dachzelt-BIG-WILLOW-40,series
VICKYWOOD,VICKYWOOD BIG WILLOW Gen. 4 160,softshell,240,160,38,68.0,https://shop.vickywood.com/Klapp-Dachzelt-BIG-WILLOW-40,series
VICKYWOOD,VICKYWOOD CUMARU EASE 135,hartschale,200,130,16,69.0,https://shop.vickywood.com/Hartschalen-Dachzelt-CUMARU-EASE,high
VICKYWOOD,VICKYWOOD CUMARU LIGHT 127 ECO,hartschale,210,120,16,74.0,https://shop.vickywood.com/Alu-Hartschalen-Dachzelt-CUMARU-LIGHT,series
VICKYWOOD,VICKYWOOD CUMARU LIGHT 152 ECO,hartschale,210,145,16,83.0,https://shop.vickywood.com/Alu-Hartschalen-Dachzelt-CUMARU-LIGHT,series
VICKYWOOD,VICKYWOOD CUMARU UP 145,hartschale,205,135,17,77.0,https://shop.vickywood.com/Alu-Hartschalen-Dachzelt-CUMARU-UP-145-goldbraun,high
VICKYWOOD,VICKYWOOD CUMARU XP 135,hartschale,200,130,23,91.0,https://shop.vickywood.com/Alu-Hartschalen-Dachzelt-CUMARU-XP-135-All-Black,high
VICKYWOOD,VICKYWOOD Hazel 130,hartschale,200,110,19,67.0,https://shop.vickywood.com/Hartschalen-Dachzelt-HAZEL-130-155,series
VICKYWOOD,VICKYWOOD Hazel 155,hartschale,200,135,19,77.0,https://shop.vickywood.com/Hartschalen-Dachzelt-HAZEL-130-155,series
VICKYWOOD,VICKYWOOD Hybrid Dachzelt MIGHTY OAK Gen 3.0 190 ECO,hybrid,195,180,33,94.0,https://shop.vickywood.com/Hybrid-Dachzelt-MIGHTY-OAK,series
VICKYWOOD,VICKYWOOD Hybrid Dachzelt Teak 1.0 135,hybrid,200,120,25,63.0,https://shop.vickywood.com/Hybrid-Dachzelt-TEAK-135-grau,high
VICKYWOOD,VICKYWOOD Hybrid-Dachzelt MIGHTY OAK GEN 3.0 160 ECO,hybrid,195,140,36,81.0,https://shop.vickywood.com/Hybrid-Dachzelt-MIGHTY-OAK,series
VICKYWOOD,VICKYWOOD LITTLE BAMBOO 125,softshell,225,120,28,49.0,https://shop.vickywood.com/Leichtbau-Dachzelt-LITTLE-BAMBOO-125-GEN-2-coffee,high
VICKYWOOD,VICKYWOOD MAPLE 155,hartschale,240,140,28,67.0,https://shop.vickywood.com/Hybrides-Hartschalen-Faltzelt-MAPLE-155-205,series
VICKYWOOD,VICKYWOOD MAPLE 205,hartschale,240,178,28,81.0,https://shop.vickywood.com/Hybrides-Hartschalen-Faltzelt-MAPLE-155-205,series
VICKYWOOD,VICKYWOOD MIGHTY OAK LIGHT 165 ECO,hybrid,195,140,29,69.0,https://shop.vickywood.com/Leichtbau-Hybrid-Dachzelt-MIGHTY-OAK-LIGHT,high
VICKYWOOD,VICKYWOOD SMALL WILLOW 140,softshell,240,140,32,62.0,https://shop.vickywood.com/Klapp-Dachzelt-SMALL-WILLOW,series
VICKYWOOD,VICKYWOOD SMALL WILLOW 160 ECO,softshell,240,160,32,65.0,https://shop.vickywood.com/Klapp-Dachzelt-SMALL-WILLOW,series
VICKYWOOD,VICKYWOOD TEAK 160,hybrid,200,145,30,77.0,https://shop.vickywood.com/Hybrid-Dachzelt-TEAK-20-160-180,series
VICKYWOOD,VICKYWOOD TEAK 180,hybrid,200,165,30,81.0,https://shop.vickywood.com/Hybrid-Dachzelt-TEAK-20-160-180,series
Wild Adventure,Wild Adventure Big Foot,hybrid,200,200,34,80.0,https://dachzelte-schweiz.ch/dachzelte/,series
Wild Camp,Wild Camp Alhambra 2 Slim,hartschale,200,120,25,75.0,https://www.rodin-adventures.com/product-page/wild-camp-alhambra-2-slim-day-and-night,dealer
Wild Camp,Wild Camp Colorado Plus 140,softshell,240,140,30,48.0,https://www.rodin-adventures.com/product-page/wildcamp-dachzelt-colorado-plus-skyview-und-top-ausstattung,dealer
Wild Camp,Wild Camp Colorado Plus 160,softshell,240,160,30,56.0,https://www.rodin-adventures.com/product-page/wildcamp-dachzelt-colorado-plus-skyview-und-top-ausstattung,dealer
Wild Camp,Wild Camp Colorado Plus 180,softshell,240,180,30,64.0,https://www.rodin-adventures.com/product-page/wildcamp-dachzelt-colorado-plus-skyview-und-top-ausstattung,dealer
Wild Camp,Wild Camp Colorado Plus Day and Night Version 2024 140,softshell,240,140,30,55.0,https://www.rodin-adventures.com/product-page/wild-camp-dachzelt-colorado-plus-day-and-night,dealer
Wild Camp,Wild Camp Colorado Plus Day and Night Version 2024 160,softshell,240,160,30,62.0,https://www.rodin-adventures.com/product-page/wild-camp-dachzelt-colorado-plus-day-and-night,dealer
Wild Camp,Wild Camp Colorado Plus Day and Night Version 2024 180,softshell,240,180,30,66.0,https://www.rodin-adventures.com/product-page/wild-camp-dachzelt-colorado-plus-day-and-night,dealer
Wild Camp,Wild Camp Hudson 140,softshell,220,140,30,52.0,https://wildcamp.com.pl/namioty-samochodowe/166-namiot-dachowy-wild-camp-hudson-140-zielony-5907371640277.html,high
Wild Camp,Wild Camp Hudson 160,softshell,220,160,30,58.0,https://wildcamp.com.pl/namioty-samochodowe/154-namiot-dachowy-wild-camp-hudson-160-zielony-5907371640246.html,high
Wild Camp,Wild Camp Hudson 180,softshell,220,180,30,65.0,https://wildcamp.com.pl/namioty-samochodowe/155-namiot-dachowy-wild-camp-hudson-180-zielony-5907371640192.html,high
Wild Camp,Wild Camp Hudson 190,softshell,220,190,30,73.0,https://wildcamp.com.pl/namioty-samochodowe/195-namiot-dachowy-wild-camp-hudson-190.html,series
Wild Camp,Wild Camp Hudson 220,softshell,220,220,30,81.0,https://wildcamp.com.pl/namioty-samochodowe/223-namiot-dachowy-wild-camp-hudson-220-zielony-5907371640567.html,high
Wild Camp,Wild Camp Mississippi Plus 140,softshell,220,140,30,52.0,https://www.rodin-adventures.com/product-page/wildcamp-dachzelt-missisippi-plus-skyview-und-top-ausstattung,dealer
Wild Camp,Wild Camp Mississippi Plus 160,softshell,220,160,30,58.0,https://www.rodin-adventures.com/product-page/wildcamp-dachzelt-missisippi-plus-skyview-und-top-ausstattung,dealer
Wild Camp,Wild Camp Mississippi Plus 180,softshell,220,180,30,65.0,https://www.rodin-adventures.com/product-page/wildcamp-dachzelt-missisippi-plus-skyview-und-top-ausstattung,dealer
Wild Camp,Wild Camp Mississippi Plus 190,softshell,220,190,30,73.0,https://www.rodin-adventures.com/product-page/wildcamp-dachzelt-missisippi-plus-skyview-und-top-ausstattung,dealer
Wild Camp,Wild Camp Mississippi Plus 220,softshell,220,220,30,81.0,https://www.rodin-adventures.com/product-page/wildcamp-dachzelt-missisippi-plus-skyview-und-top-ausstattung,dealer
Wild Camp,Wild Camp Mississippi Plus Day and Night Version 140,softshell,240,140,30,58.0,https://www.rodin-adventures.com/product-page/wild-camp-dachzelt-mississippi-plus-day-and-night,dealer
Wild Camp,Wild Camp Mississippi Plus Day and Night Version 160,softshell,240,160,30,64.0,https://www.rodin-adventures.com/product-page/wild-camp-dachzelt-mississippi-plus-day-and-night,dealer
Wild Camp,Wild Camp Mississippi Plus Day and Night Version 180,softshell,240,180,30,68.0,https://www.rodin-adventures.com/product-page/wild-camp-dachzelt-mississippi-plus-day-and-night,dealer
Wild Camp,Wild Camp Mississippi Plus Day and Night Version 220,softshell,240,220,30,81.0,https://www.rodin-adventures.com/product-page/wild-camp-dachzelt-mississippi-plus-day-and-night,dealer
Wild Camp,Wild Camp Nevada 180,hybrid,210,180,30,75.0,https://wildcamp.com.pl/namioty-samochodowe/479-namiot-dachowy-wild-camp-nevada-180-military-daynight-20-5907371644589.html,high
Wild Camp,Wild Camp Ohio 140,softshell,240,140,30,48.0,https://wildcamp.com.pl/namioty-samochodowe/165-namiot-dachowy-wild-camp-ohio-140-zielony-5907371640284.html,high
Wild Camp,Wild Camp Ohio 160,softshell,240,160,30,56.0,https://wildcamp.com.pl/namioty-samochodowe/156-namiot-dachowy-wild-camp-ohio-160-zielony-5907371641281.html,high
Wild Camp,Wild Camp Ohio 180,softshell,240,180,30,64.0,https://wildcamp.com.pl/namioty-samochodowe/157-namiot-dachowy-wild-camp-ohio-180-zielony-5907371640673.html,high
Wild Camp,Wild Camp Yazoo,hartschale,200,120,25,85.0,https://wildcamp.com.pl/namioty-w-twardej-obudowie/212-namiot-dachowy-wild-camp-yazoo-120-alu-cover-daynight-20-5907371640598.html,high
Wild Land,Wild Land Adventure Cruiser,hartschale,200,140,35,68.0,https://www.iwildland.com/rough-country-hard-shell-roof-top-tent-suitable-for-4wd-product/,high
Wild Land,Wild Land Air Cruiser,softshell,210,135,31,50.0,https://www.iwildland.com/wild-land-air-cruiser-brand-new-patented-inflatable-roof-top-tent-product/,high
Wild Land,Wild Land Bush Cruiser 120,hartschale,210,120,18,71.0,https://www.iwildland.com/wild-land-hard-shell-bush-cruiser-roof-top-tent-2-product/,series
Wild Land,Wild Land Bush Cruiser 120 Pro V2,hartschale,205,120,18,71.0,https://www.iwildland.com/wild-land-hard-shell-bush-cruiser-roof-top-tent-2-product/,series
Wild Land,Wild Land Bush Cruiser 140,hartschale,210,140,18,79.0,https://www.iwildland.com/wild-land-hard-shell-bush-cruiser-roof-top-tent-2-product/,series
Wild Land,Wild Land Bush Cruiser 140 Pro,hartschale,200,140,17,71.0,https://www.iwildland.com/wild-land-hard-shell-bush-cruiser-roof-top-tent-2-product/,series
Wild Land,Wild Land Bush Cruiser 140 Pro Vs,hartschale,200,140,16,76.0,https://www.iwildland.com/wild-land-hard-shell-bush-cruiser-roof-top-tent-2-product/,series
Wild Land,Wild Land Light Cruiser,softshell,230,120,37,38.0,https://www.iwildland.com/entry-level-wild-land-fold-out-style-car-roof-tent-for-sedan-and-solo-camping-product/,series
Wild Land,Wild Land OrthFrame Max,hartschale,210,182,28,75.0,https://iwildland.shop/OrthFrame-Max-dachzelt-kaufen_1,dealer
Wild Land,Wild Land Orthframe Mini,hartschale,210,124,29,59.0,https://iwildland.shop/OrthFrame-Mini-Dachzelt-20,dealer
Wild Land,Wild Land Rock Cruiser,hartschale,200,140,24,75.0,https://www.iwildland.com/wild-land-4wd-new-style-aluminum-z-shape-hard-shell-roof-top-tent-product/,series
Wild Land,Wild Land Rock Cruiser Pro,hartschale,205,140,25,62.0,https://www.iwildland.com/wild-land-4wd-new-style-aluminum-z-shape-hard-shell-roof-top-tent-product/,high
Wild Land,Wild Land Sky Rover,hartschale,215,145,32,100.0,https://iwildland.shop/dachzelt-sky-rover,dealer
Wild Land,Wild Land Wild Cruiser 160 Pro,softshell,220,160,35,48.0,https://www.iwildland.com/2022-waterproof-4-person-wild-land-suv-4x4-soft-shell-camping-roof-top-tent-product/,series
Wild Land,Wild Land Wild Cruiser Pro 250,softshell,250,200,36,78.0,https://www.iwildland.com/2022-waterproof-4-person-wild-land-suv-4x4-soft-shell-camping-roof-top-tent-product/,series
Wilded,Wilded Hiatus 140,hartschale,202,140,20,95.0,https://wilded.at/produkt/hiatus-140/,high
Wilded,Wilded Horizon,hybrid,209,148,17,73.0,https://wilded.at/produkt/horizon-150/,high
Wilded,Wilded Leaf 130,hartschale,206,120,12,70.0,https://wilded.at/produkt/dachzelt-leaf-z130/,high
Xtasy,Xtasy Revolution ALU 150 2025,hartschale,212,140,20,66.0,https://xtasy-sports.com/dachzelte/546/dachzelt-xtasy-revolution-alu-150-2025,high
Xtasy,Xtasy Space ALU XXL,hybrid,205,203,20,73.0,https://xtasy-sports.com/dachzelte/565/dachzelt-xtasy-space-alu-xxl,high
Xtasy,Xtasy Space Alu M,hybrid,203,145,20,59.0,https://xtasy-sports.com/dachzelte/564/dachzelt-xtasy-space-alu-m,high
Yakima,Yakima SkyPeak HD,hartschale,207,140,17,81.0,https://yakima.com/products/skypeak-hd,high
Yakima,Yakima SkyRise HD Medium,softshell,243,142,41,51.0,https://yakima.com/products/skyrise-hd-3-md-tan,series
Yakima,Yakima SkyRise HD Small,softshell,213,122,30,46.0,https://yakima.com/products/skyrise-hd-2-sm-tan,series
